{"v":"5.4.4","fr":29.9700012207031,"ip":34.0000013848484,"op":133.000005417201,"w":1920,"h":1080,"nm":"Pre-comp 1","ddd":0,"assets":[],"layers":[{"ddd":0,"ind":1,"ty":4,"nm":"hombre raqueta Outlines","sr":1,"ks":{"o":{"a":0,"k":100,"ix":11},"r":{"a":0,"k":0,"ix":10},"p":{"a":0,"k":[960,540,0],"ix":2},"a":{"a":0,"k":[960,540,0],"ix":1},"s":{"a":0,"k":[100,100,100],"ix":6}},"ao":0,"shapes":[{"ty":"gr","it":[{"ind":0,"ty":"sh","ix":1,"ks":{"a":0,"k":{"i":[[19.212,16.221],[-3.614,3.201],[0,0],[-11.23,-12.802],[-4.786,-11.94],[10.742,5.247],[3.646,6.714]],"o":[[4.834,-5.951],[0.183,0.129],[0,0],[11.328,12.818],[4.771,12.038],[-10.628,-5.331],[-2.445,-4.613]],"v":[[-36.307,-30.001],[-22.309,-44.49],[-22.042,-44.248],[10.537,-11.266],[31.536,23.424],[24.417,39.244],[12.826,12.636]],"c":true},"ix":2},"nm":"Path 1","mn":"ADBE Vector Shape - Group","hd":false},{"ty":"fl","c":{"a":0,"k":[0.847000002394,0.705999995213,0.573000021542,1],"ix":4},"o":{"a":0,"k":100,"ix":5},"r":1,"bm":0,"nm":"Fill 1","mn":"ADBE Vector Graphic - Fill","hd":false},{"ty":"tr","p":{"a":0,"k":[952.117,709.483],"ix":2},"a":{"a":0,"k":[0,0],"ix":1},"s":{"a":0,"k":[100,100],"ix":3},"r":{"a":0,"k":0,"ix":6},"o":{"a":0,"k":100,"ix":7},"sk":{"a":0,"k":0,"ix":4},"sa":{"a":0,"k":0,"ix":5},"nm":"Transform"}],"nm":"Group 1","np":2,"cix":2,"bm":0,"ix":1,"mn":"ADBE Vector Group","hd":false},{"ty":"gr","it":[{"ind":0,"ty":"sh","ix":1,"ks":{"a":0,"k":{"i":[[2.271,3.069],[-1.908,12.758],[0,0],[-9.955,-2.4],[0,0],[-2.847,-8.008],[-1.167,-0.983],[4.834,-5.95]],"o":[[-7.317,-9.892],[1.908,-12.758],[5.926,-6.496],[10.054,2.414],[0,0],[2.5,6.947],[-3.614,3.201],[-8.72,-7.269]],"v":[[2.722,60.072],[-32.664,-44.716],[-17.138,-70.098],[0.053,-73.492],[10.905,-3.416],[26.591,49.891],[34.572,62.106],[20.574,76.594]],"c":true},"ix":2},"nm":"Path 1","mn":"ADBE Vector Shape - Group","hd":false},{"ty":"fl","c":{"a":0,"k":[0.313999998803,0.889999988032,0.757000014361,1],"ix":4},"o":{"a":0,"k":100,"ix":5},"r":1,"bm":0,"nm":"Fill 1","mn":"ADBE Vector Graphic - Fill","hd":false},{"ty":"tr","p":{"a":0,"k":[895.35,602.802],"ix":2},"a":{"a":0,"k":[0,0],"ix":1},"s":{"a":0,"k":[100,100],"ix":3},"r":{"a":0,"k":0,"ix":6},"o":{"a":0,"k":100,"ix":7},"sk":{"a":0,"k":0,"ix":4},"sa":{"a":0,"k":0,"ix":5},"nm":"Transform"}],"nm":"Group 2","np":2,"cix":2,"bm":0,"ix":2,"mn":"ADBE Vector Group","hd":false},{"ty":"gr","it":[{"ind":0,"ty":"sh","ix":1,"ks":{"a":0,"k":{"i":[[-3.22,-0.785],[0,0],[0,0]],"o":[[0,0],[0,0],[3.125,0.064]],"v":[[40.274,-73.877],[36.74,-69.855],[30.864,-75.183]],"c":true},"ix":2},"nm":"Path 1","mn":"ADBE Vector Shape - Group","hd":false},{"ind":1,"ty":"sh","ix":2,"ks":{"a":0,"k":{"i":[[-3.299,0.417],[0,0],[0,0]],"o":[[0,0],[0,0],[2.908,-1.184]],"v":[[21.934,-74.294],[16.675,-68.206],[12.386,-71.98]],"c":true},"ix":2},"nm":"Path 2","mn":"ADBE Vector Shape - Group","hd":false},{"ind":2,"ty":"sh","ix":3,"ks":{"a":0,"k":{"i":[[-3.051,1.465],[0,0],[0,0],[0,0]],"o":[[0,0],[0,0],[0,0],[2.966,-1.58]],"v":[[7.24,-70.021],[13.329,-64.763],[7.116,-57.703],[-1.743,-65.398]],"c":true},"ix":2},"nm":"Path 3","mn":"ADBE Vector Shape - Group","hd":false},{"ind":3,"ty":"sh","ix":4,"ks":{"a":0,"k":{"i":[[-2.502,1.851],[0,0],[0,0],[0,0]],"o":[[0,0],[0,0],[0,0],[2.263,-2.29]],"v":[[-5.89,-62.683],[3.938,-54.034],[-2.275,-46.976],[-13.131,-56.183]],"c":true},"ix":2},"nm":"Path 4","mn":"ADBE Vector Shape - Group","hd":false},{"ind":4,"ty":"sh","ix":5,"ks":{"a":0,"k":{"i":[[-1.997,2.532],[0,0],[0,0],[0,0]],"o":[[0,0],[0,0],[0,0],[1.715,-2.676]],"v":[[-16.112,-52.482],[-5.467,-43.206],[-11.68,-36.148],[-21.553,-44.5]],"c":true},"ix":2},"nm":"Path 5","mn":"ADBE Vector Shape - Group","hd":false},{"ind":5,"ty":"sh","ix":6,"ks":{"a":0,"k":{"i":[[-1.492,3.214],[0,0],[0,0],[0,0]],"o":[[0,0],[0,0],[0,0],[0.8,-3.319]],"v":[[-23.603,-40.256],[-14.745,-32.561],[-20.956,-25.503],[-26.808,-30.321]],"c":true},"ix":2},"nm":"Path 6","mn":"ADBE Vector Shape - Group","hd":false},{"ind":6,"ty":"sh","ix":7,"ks":{"a":0,"k":{"i":[[0,0],[0,0],[0,0],[0,0]],"o":[[0,0],[0,0],[0,0],[0,0]],"v":[[-17.173,-22.409],[-10.96,-29.467],[-3.902,-23.254],[-10.257,-15.914]],"c":true},"ix":2},"nm":"Path 7","mn":"ADBE Vector Shape - Group","hd":false},{"ind":7,"ty":"sh","ix":8,"ks":{"a":0,"k":{"i":[[-0.355,2.373],[0,0],[0,0]],"o":[[0,0],[0,0],[0.128,-2.205]],"v":[[-27.34,-24.738],[-24.036,-21.817],[-27.57,-17.796]],"c":true},"ix":2},"nm":"Path 8","mn":"ADBE Vector Shape - Group","hd":false},{"ind":8,"ty":"sh","ix":9,"ks":{"a":0,"k":{"i":[[0.738,3.851],[0,0],[0,0],[0,0]],"o":[[0,0],[0,0],[0,0],[-1.337,-3.234]],"v":[[-26.89,-11.526],[-20.464,-18.654],[-13.406,-12.441],[-23.607,-1.025]],"c":true},"ix":2},"nm":"Path 9","mn":"ADBE Vector Shape - Group","hd":false},{"ind":9,"ty":"sh","ix":10,"ks":{"a":0,"k":{"i":[[1.919,2.713],[0,0],[0,0],[0,0]],"o":[[0,0],[0,0],[0,0],[-2.503,-2.194]],"v":[[-21.163,3.588],[-9.622,-9.348],[-2.564,-3.135],[-14.89,10.997]],"c":true},"ix":2},"nm":"Path 10","mn":"ADBE Vector Shape - Group","hd":false},{"ind":10,"ty":"sh","ix":11,"ks":{"a":0,"k":{"i":[[2.532,1.997],[0,0],[0,0],[0,0]],"o":[[0,0],[0,0],[0,0],[-2.947,-1.25]],"v":[[-11.348,14.357],[0.978,0.226],[8.037,6.438],[-3.193,19.319]],"c":true},"ix":2},"nm":"Path 11","mn":"ADBE Vector Shape - Group","hd":false},{"ind":11,"ty":"sh","ix":12,"ks":{"a":0,"k":{"i":[[3.67,1.155],[0,0],[0,0],[0,0]],"o":[[0,0],[0,0],[0,0],[-3.59,-0.334]],"v":[[1.491,21.132],[11.934,9.448],[18.993,15.661],[12.326,23.055]],"c":true},"ix":2},"nm":"Path 12","mn":"ADBE Vector Shape - Group","hd":false},{"ind":12,"ty":"sh","ix":13,"ks":{"a":0,"k":{"i":[[2.448,-0.139],[0,0],[0,0]],"o":[[0,0],[0,0],[-2.112,0.594]],"v":[[18.946,22.732],[22.48,18.711],[25.785,21.632]],"c":true},"ix":2},"nm":"Path 13","mn":"ADBE Vector Shape - Group","hd":false},{"ind":13,"ty":"sh","ix":14,"ks":{"a":0,"k":{"i":[[3.204,-1.139],[0,0],[0,0],[0,0]],"o":[[0,0],[0,0],[0,0],[-3.308,1.831]],"v":[[31.183,20.013],[25.643,15.14],[31.856,8.081],[40.745,15.578]],"c":true},"ix":2},"nm":"Path 14","mn":"ADBE Vector Shape - Group","hd":false},{"ind":14,"ty":"sh","ix":15,"ks":{"a":0,"k":{"i":[[2.487,-1.752],[0,0],[0,0],[0,0]],"o":[[0,0],[0,0],[0,0],[-2.194,2.503]],"v":[[44.724,12.635],[35.063,4.213],[41.276,-2.846],[51.851,6.219]],"c":true},"ix":2},"nm":"Path 15","mn":"ADBE Vector Shape - Group","hd":false},{"ind":15,"ty":"sh","ix":16,"ks":{"a":0,"k":{"i":[[1.997,-2.532],[0,0],[0,0],[0,0]],"o":[[0,0],[0,0],[0,0],[-1.714,2.676]],"v":[[54.97,2.943],[44.326,-6.333],[50.539,-13.393],[60.411,-5.039]],"c":true},"ix":2},"nm":"Path 16","mn":"ADBE Vector Shape - Group","hd":false},{"ind":16,"ty":"sh","ix":17,"ks":{"a":0,"k":{"i":[[1.478,-3.116],[0,0],[0,0],[0,0]],"o":[[0,0],[0,0],[0,0],[-0.77,3.12]],"v":[[62.461,-9.282],[53.602,-16.978],[59.815,-24.036],[65.904,-18.778]],"c":true},"ix":2},"nm":"Path 17","mn":"ADBE Vector Shape - Group","hd":false},{"ind":17,"ty":"sh","ix":18,"ks":{"a":0,"k":{"i":[[0.716,-3.432],[0,0],[0,0]],"o":[[0,0],[0,0],[-0.063,3.126]],"v":[[67.267,-23.832],[62.978,-27.607],[68.237,-33.697]],"c":true},"ix":2},"nm":"Path 18","mn":"ADBE Vector Shape - Group","hd":false},{"ind":18,"ty":"sh","ix":19,"ks":{"a":0,"k":{"i":[[0,0],[0,0],[0,0],[0,0]],"o":[[0,0],[0,0],[0,0],[0,0]],"v":[[65.55,-38.042],[59.337,-30.983],[52.279,-37.196],[58.492,-44.255]],"c":true},"ix":2},"nm":"Path 19","mn":"ADBE Vector Shape - Group","hd":false},{"ind":19,"ty":"sh","ix":20,"ks":{"a":0,"k":{"i":[[-0.417,-3.298],[0,0],[0,0]],"o":[[0,0],[0,0],[1.198,2.808]],"v":[[67.561,-42.695],[61.684,-48.023],[64.976,-51.779]],"c":true},"ix":2},"nm":"Path 20","mn":"ADBE Vector Shape - Group","hd":false},{"ind":20,"ty":"sh","ix":21,"ks":{"a":0,"k":{"i":[[-1.609,-2.768],[0,0],[0,0],[0,0]],"o":[[0,0],[0,0],[0,0],[2.191,2.249]],"v":[[62.873,-56.643],[58,-51.103],[50.941,-57.315],[57.154,-64.374]],"c":true},"ix":2},"nm":"Path 21","mn":"ADBE Vector Shape - Group","hd":false},{"ind":21,"ty":"sh","ix":22,"ks":{"a":0,"k":{"i":[[0,0],[0,0],[0,0],[0,0]],"o":[[0,0],[0,0],[0,0],[0,0]],"v":[[27.22,-58.942],[20.163,-65.155],[26.375,-72.214],[33.433,-66.002]],"c":true},"ix":2},"nm":"Path 22","mn":"ADBE Vector Shape - Group","hd":false},{"ind":22,"ty":"sh","ix":23,"ks":{"a":0,"k":{"i":[[0,0],[0,0],[0,0],[0,0]],"o":[[0,0],[0,0],[0,0],[0,0]],"v":[[37.232,-63.006],[44.291,-56.794],[38.078,-49.735],[31.019,-55.947]],"c":true},"ix":2},"nm":"Path 23","mn":"ADBE Vector Shape - Group","hd":false},{"ind":23,"ty":"sh","ix":24,"ks":{"a":0,"k":{"i":[[0,0],[0,0],[0,0],[0,0]],"o":[[0,0],[0,0],[0,0],[0,0]],"v":[[17.944,-48.299],[10.574,-54.456],[17,-61.584],[24.058,-55.372]],"c":true},"ix":2},"nm":"Path 24","mn":"ADBE Vector Shape - Group","hd":false},{"ind":24,"ty":"sh","ix":25,"ks":{"a":0,"k":{"i":[[0,0],[0,0],[0,0],[0,0]],"o":[[0,0],[0,0],[0,0],[0,0]],"v":[[41.649,-46.572],[47.862,-53.631],[54.92,-47.419],[48.708,-40.359]],"c":true},"ix":2},"nm":"Path 25","mn":"ADBE Vector Shape - Group","hd":false},{"ind":25,"ty":"sh","ix":26,"ks":{"a":0,"k":{"i":[[0,0],[0,0],[0,0],[0,0]],"o":[[0,0],[0,0],[0,0],[0,0]],"v":[[27.713,-52.096],[34.772,-45.883],[28.559,-38.823],[21.501,-45.036]],"c":true},"ix":2},"nm":"Path 26","mn":"ADBE Vector Shape - Group","hd":false},{"ind":26,"ty":"sh","ix":27,"ks":{"a":0,"k":{"i":[[0,0],[0,0],[0,0],[0,0]],"o":[[0,0],[0,0],[0,0],[0,0]],"v":[[8.439,-37.485],[1.381,-43.698],[7.593,-50.756],[14.652,-44.544]],"c":true},"ix":2},"nm":"Path 27","mn":"ADBE Vector Shape - Group","hd":false},{"ind":27,"ty":"sh","ix":28,"ks":{"a":0,"k":{"i":[[0,0],[0,0],[0,0],[0,0]],"o":[[0,0],[0,0],[0,0],[0,0]],"v":[[18.436,-41.451],[25.495,-35.237],[19.282,-28.18],[11.912,-34.337]],"c":true},"ix":2},"nm":"Path 28","mn":"ADBE Vector Shape - Group","hd":false},{"ind":28,"ty":"sh","ix":29,"ks":{"a":0,"k":{"i":[[0,0],[0,0],[0,0],[0,0]],"o":[[0,0],[0,0],[0,0],[0,0]],"v":[[-0.837,-26.841],[-7.896,-33.055],[-1.683,-40.112],[5.376,-33.899]],"c":true},"ix":2},"nm":"Path 29","mn":"ADBE Vector Shape - Group","hd":false},{"ind":29,"ty":"sh","ix":30,"ks":{"a":0,"k":{"i":[[0,0],[0,0],[0,0],[0,0]],"o":[[0,0],[0,0],[0,0],[0,0]],"v":[[9.877,-17.352],[3.045,-23.732],[9.258,-30.79],[16.317,-24.577]],"c":true},"ix":2},"nm":"Path 30","mn":"ADBE Vector Shape - Group","hd":false},{"ind":30,"ty":"sh","ix":31,"ks":{"a":0,"k":{"i":[[0,0],[0,0],[0,0],[0,0]],"o":[[0,0],[0,0],[0,0],[0,0]],"v":[[39.696,-22.698],[46.754,-16.485],[40.542,-9.427],[33.483,-15.64]],"c":true},"ix":2},"nm":"Path 31","mn":"ADBE Vector Shape - Group","hd":false},{"ind":31,"ty":"sh","ix":32,"ks":{"a":0,"k":{"i":[[0,0],[0,0],[0,0],[0,0]],"o":[[0,0],[0,0],[0,0],[0,0]],"v":[[29.996,-18.69],[22.868,-25.114],[29.081,-32.174],[36.209,-25.748]],"c":true},"ix":2},"nm":"Path 32","mn":"ADBE Vector Shape - Group","hd":false},{"ind":32,"ty":"sh","ix":33,"ks":{"a":0,"k":{"i":[[0,0],[0,0],[0,0],[0,0]],"o":[[0,0],[0,0],[0,0],[0,0]],"v":[[39.417,-29.615],[32.358,-35.828],[38.57,-42.888],[45.628,-36.674]],"c":true},"ix":2},"nm":"Path 33","mn":"ADBE Vector Shape - Group","hd":false},{"ind":33,"ty":"sh","ix":34,"ks":{"a":0,"k":{"i":[[0,0],[0,0],[0,0],[0,0]],"o":[[0,0],[0,0],[0,0],[0,0]],"v":[[49.215,-33.61],[56.342,-27.185],[50.13,-20.127],[43.003,-26.552]],"c":true},"ix":2},"nm":"Path 34","mn":"ADBE Vector Shape - Group","hd":false},{"ind":34,"ty":"sh","ix":35,"ks":{"a":0,"k":{"i":[[0,0],[0,0],[0,0],[0,0]],"o":[[0,0],[0,0],[0,0],[0,0]],"v":[[19.577,-21.36],[26.635,-15.148],[20.422,-8.089],[13.364,-14.302]],"c":true},"ix":2},"nm":"Path 35","mn":"ADBE Vector Shape - Group","hd":false},{"ind":35,"ty":"sh","ix":36,"ks":{"a":0,"k":{"i":[[0,0],[0,0],[0,0],[0,0]],"o":[[0,0],[0,0],[0,0],[0,0]],"v":[[0.6,-6.706],[-6.458,-12.919],[-0.247,-19.978],[6.812,-13.765]],"c":true},"ix":2},"nm":"Path 36","mn":"ADBE Vector Shape - Group","hd":false},{"ind":36,"ty":"sh","ix":37,"ks":{"a":0,"k":{"i":[[0,0],[0,0],[0,0],[0,0]],"o":[[0,0],[0,0],[0,0],[0,0]],"v":[[24.207,-4.995],[30.419,-12.055],[37.477,-5.841],[31.265,1.218]],"c":true},"ix":2},"nm":"Path 37","mn":"ADBE Vector Shape - Group","hd":false},{"ind":37,"ty":"sh","ix":38,"ks":{"a":0,"k":{"i":[[0,0],[0,0],[0,0],[0,0]],"o":[[0,0],[0,0],[0,0],[0,0]],"v":[[21.142,-1.409],[27.973,4.971],[21.76,12.029],[14.702,5.817]],"c":true},"ix":2},"nm":"Path 38","mn":"ADBE Vector Shape - Group","hd":false},{"ind":38,"ty":"sh","ix":39,"ks":{"a":0,"k":{"i":[[0,0],[0,0],[0,0],[0,0]],"o":[[0,0],[0,0],[0,0],[0,0]],"v":[[11.442,2.601],[4.383,-3.612],[10.596,-10.671],[17.655,-4.458]],"c":true},"ix":2},"nm":"Path 39","mn":"ADBE Vector Shape - Group","hd":false},{"ind":39,"ty":"sh","ix":40,"ks":{"a":0,"k":{"i":[[0,0],[0,0],[0,0],[-2.533,-1.996]],"o":[[0,0],[0,0],[2.947,1.25],[0,0]],"v":[[47.355,-60.38],[40.296,-66.593],[45.17,-72.133],[53.568,-67.44]],"c":true},"ix":2},"nm":"Path 40","mn":"ADBE Vector Shape - Group","hd":false},{"ind":40,"ty":"sh","ix":41,"ks":{"a":0,"k":{"i":[[21.618,-24.875],[-3.745,-17.546],[5.729,-6.524],[0,0],[0,0],[0,0],[-1.954,-1.808],[0,0],[-1.808,1.955],[0,0],[0,0],[0,0],[0,0],[0,0],[0,0],[-13.735,15.438],[22.808,19.894]],"o":[[-13.439,15.483],[0,0],[0,0],[0,0],[0,0],[-1.725,2.067],[0,0],[2.067,1.725],[0,0],[0,0],[0,0],[0,0],[0,0],[5.743,-6.623],[17.994,1.378],[21.405,-24.806],[-22.641,-19.666]],"v":[[-21.673,-60.596],[-35.952,-7.727],[-37.197,33.039],[-46.473,43.684],[-47.992,42.344],[-82.694,78.305],[-82.271,84.94],[-75.212,91.154],[-68.578,90.731],[-37.728,51.463],[-46.617,43.966],[-37.728,51.463],[-39.514,49.882],[-30.237,39.237],[10.015,32.417],[60.729,11.085],[61.611,-73.212]],"c":true},"ix":2},"nm":"Path 41","mn":"ADBE Vector Shape - Group","hd":false},{"ty":"mm","mm":1,"nm":"Merge Paths 1","mn":"ADBE Vector Filter - Merge","hd":false},{"ty":"fl","c":{"a":0,"k":[0.090000002992,0.187999994615,0.322000002394,1],"ix":4},"o":{"a":0,"k":100,"ix":5},"r":1,"bm":0,"nm":"Fill 1","mn":"ADBE Vector Graphic - Fill","hd":false},{"ty":"tr","p":{"a":0,"k":[1037.649,655.161],"ix":2},"a":{"a":0,"k":[0,0],"ix":1},"s":{"a":0,"k":[100,100],"ix":3},"r":{"a":0,"k":0,"ix":6},"o":{"a":0,"k":100,"ix":7},"sk":{"a":0,"k":0,"ix":4},"sa":{"a":0,"k":0,"ix":5},"nm":"Transform"}],"nm":"Group 3","np":43,"cix":2,"bm":0,"ix":3,"mn":"ADBE Vector Group","hd":false},{"ty":"gr","it":[{"ind":0,"ty":"sh","ix":1,"ks":{"a":0,"k":{"i":[[5.389,24.608],[-4.836,0.382],[0,0],[-1.18,-17.015],[3.525,-12.394],[5.307,10.673],[-1.206,7.636]],"o":[[7.436,-1.813],[0.087,0.206],[0,0],[1.181,17.014],[-3.525,12.395],[-5.308,-10.674],[0.742,-5.163]],"v":[[-13.591,-49.754],[6.356,-52.845],[6.43,-52.439],[12.409,-6.444],[8.042,33.854],[-7.139,42.172],[-0.264,13.964]],"c":true},"ix":2},"nm":"Path 1","mn":"ADBE Vector Shape - Group","hd":false},{"ty":"fl","c":{"a":0,"k":[0.847000002394,0.705999995213,0.573000021542,1],"ix":4},"o":{"a":0,"k":100,"ix":5},"r":1,"bm":0,"nm":"Fill 1","mn":"ADBE Vector Graphic - Fill","hd":false},{"ty":"tr","p":{"a":0,"k":[800.284,709.997],"ix":2},"a":{"a":0,"k":[0,0],"ix":1},"s":{"a":0,"k":[100,100],"ix":3},"r":{"a":0,"k":0,"ix":6},"o":{"a":0,"k":100,"ix":7},"sk":{"a":0,"k":0,"ix":4},"sa":{"a":0,"k":0,"ix":5},"nm":"Transform"}],"nm":"Group 4","np":2,"cix":2,"bm":0,"ix":4,"mn":"ADBE Vector Group","hd":false},{"ty":"gr","it":[{"ind":0,"ty":"sh","ix":1,"ks":{"a":0,"k":{"i":[[-0.051,3.806],[-9.221,9.112],[0,0],[-6.49,-7.945],[0,0],[2.543,-8.15],[-0.3,-1.523],[7.436,-1.813]],"o":[[0.113,-12.319],[9.214,-9.012],[8.727,-1.627],[6.49,7.945],[0,0],[-2.271,7.066],[-4.835,0.382],[-2.388,-10.881]],"v":[[-42.568,46.754],[-7.373,-58.153],[20.299,-68.952],[36.129,-61.291],[2.346,1.017],[-17.42,52.926],[-18.483,67.488],[-38.43,70.579]],"c":true},"ix":2},"nm":"Path 1","mn":"ADBE Vector Shape - Group","hd":false},{"ty":"fl","c":{"a":0,"k":[0.313999998803,0.889999988032,0.757000014361,1],"ix":4},"o":{"a":0,"k":100,"ix":5},"r":1,"bm":0,"nm":"Fill 1","mn":"ADBE Vector Graphic - Fill","hd":false},{"ty":"tr","p":{"a":0,"k":[825.03,589.557],"ix":2},"a":{"a":0,"k":[0,0],"ix":1},"s":{"a":0,"k":[100,100],"ix":3},"r":{"a":0,"k":0,"ix":6},"o":{"a":0,"k":100,"ix":7},"sk":{"a":0,"k":0,"ix":4},"sa":{"a":0,"k":0,"ix":5},"nm":"Transform"}],"nm":"Group 5","np":2,"cix":2,"bm":0,"ix":5,"mn":"ADBE Vector Group","hd":false},{"ty":"gr","it":[{"ind":0,"ty":"sh","ix":1,"ks":{"a":0,"k":{"i":[[-2.9,0],[0,0],[-4.6,-4.5],[9.7,-5.5],[0.5,-7.8],[-2,-6.4],[6,-0.2],[7.8,10.5],[-17.3,2.6],[0,0]],"o":[[0,0],[0,0],[0,0],[0,0],[-0.5,7.8],[2,6.4],[-7.8,-17.7],[-11.6,-14.8],[0,0],[-0.1,-0.1]],"v":[[17.15,-40.45],[17.15,-31.75],[29.25,-23.85],[16.05,2.15],[5.45,4.25],[17.35,15.15],[0.95,40.45],[-17.65,11.75],[-2.65,-40.35],[-0.95,-35.15]],"c":true},"ix":2},"nm":"Path 1","mn":"ADBE Vector Shape - Group","hd":false},{"ty":"fl","c":{"a":0,"k":[0.093999997307,0.187999994615,0.322000002394,1],"ix":4},"o":{"a":0,"k":100,"ix":5},"r":1,"bm":0,"nm":"Fill 1","mn":"ADBE Vector Graphic - Fill","hd":false},{"ty":"tr","p":{"a":0,"k":[855.55,473.75],"ix":2},"a":{"a":0,"k":[0,0],"ix":1},"s":{"a":0,"k":[100,100],"ix":3},"r":{"a":0,"k":0,"ix":6},"o":{"a":0,"k":100,"ix":7},"sk":{"a":0,"k":0,"ix":4},"sa":{"a":0,"k":0,"ix":5},"nm":"Transform"}],"nm":"Group 6","np":2,"cix":2,"bm":0,"ix":6,"mn":"ADBE Vector Group","hd":false},{"ty":"gr","it":[{"ind":0,"ty":"sh","ix":1,"ks":{"a":0,"k":{"i":[[10.2,-35.4],[-10,-9.4],[0,0],[0,0],[-1.7,31.7],[0,0]],"o":[[0,0],[10,9.5],[0,0],[0,0],[1.7,-31.7],[0,0]],"v":[[-32,-7.45],[-22,15.45],[-7.5,41.25],[9.3,42.85],[30.3,3.95],[6.4,-35.65]],"c":true},"ix":2},"nm":"Path 1","mn":"ADBE Vector Shape - Group","hd":false},{"ty":"fl","c":{"a":0,"k":[0.847000002394,0.705999995213,0.573000021542,1],"ix":4},"o":{"a":0,"k":100,"ix":5},"r":1,"bm":0,"nm":"Fill 1","mn":"ADBE Vector Graphic - Fill","hd":false},{"ty":"tr","p":{"a":0,"k":[865.6,477.35],"ix":2},"a":{"a":0,"k":[0,0],"ix":1},"s":{"a":0,"k":[100,100],"ix":3},"r":{"a":0,"k":0,"ix":6},"o":{"a":0,"k":100,"ix":7},"sk":{"a":0,"k":0,"ix":4},"sa":{"a":0,"k":0,"ix":5},"nm":"Transform"}],"nm":"Group 7","np":2,"cix":2,"bm":0,"ix":7,"mn":"ADBE Vector Group","hd":false},{"ty":"gr","it":[{"ind":0,"ty":"sh","ix":1,"ks":{"a":0,"k":{"i":[[0,0],[2,18.9],[0,0],[10.5,4.6],[-1.6,-16.2],[2,-10.3],[4,-16.599],[-2,-6.299],[0,0],[0,0],[-14.3,29.199],[-0.7,9],[0,0],[-6.7,0.4],[0,0],[0,0],[-2,-11.6],[0,0],[0,0]],"o":[[-0.5,-2.5],[-2,-18.899],[0,0],[0,0],[1.6,16.201],[-2,10.3],[-4,16.6],[0,0],[0,0],[0,0],[14.3,-29.2],[0.7,-9],[0,0],[6.6,-0.3],[0,0],[0,0],[2,11.6],[0,0],[0,0]],"v":[[60.15,140.1],[63.15,10.1],[34.25,-147.099],[-51.15,-149.5],[-57.65,-107],[-47.65,5.3],[-62.95,52.5],[-70.95,147.5],[-49.35,147.5],[-60.75,140.201],[-44.05,85.401],[-18.45,20.3],[-11.25,-86],[-5.45,-94],[2.55,-86],[31.45,9.7],[33.45,59.5],[49.75,149.5],[72.95,149.5]],"c":true},"ix":2},"nm":"Path 1","mn":"ADBE Vector Shape - Group","hd":false},{"ty":"fl","c":{"a":0,"k":[0.219999994016,0.510000011968,0.635000011968,1],"ix":4},"o":{"a":0,"k":100,"ix":5},"r":1,"bm":0,"nm":"Fill 1","mn":"ADBE Vector Graphic - Fill","hd":false},{"ty":"tr","p":{"a":0,"k":[886.05,842.5],"ix":2},"a":{"a":0,"k":[0,0],"ix":1},"s":{"a":0,"k":[100,100],"ix":3},"r":{"a":0,"k":0,"ix":6},"o":{"a":0,"k":100,"ix":7},"sk":{"a":0,"k":0,"ix":4},"sa":{"a":0,"k":0,"ix":5},"nm":"Transform"}],"nm":"Group 8","np":2,"cix":2,"bm":0,"ix":8,"mn":"ADBE Vector Group","hd":false},{"ty":"gr","it":[{"ind":0,"ty":"sh","ix":1,"ks":{"a":0,"k":{"i":[[0,0],[0.5,7],[7.5,13.4],[28.4,1.5],[0,-13],[-1.5,-11.401],[-8,-4.3]],"o":[[0,0],[-0.5,-7],[-7.5,-13.5],[-28.4,-1.5],[0,13],[1.5,11.5],[7.9,4.399]],"v":[[42.85,88.449],[49.85,76.449],[37.35,-57.551],[-5.45,-88.45],[-44.85,-61.051],[-48.85,45.55],[-41.35,85.55]],"c":true},"ix":2},"nm":"Path 1","mn":"ADBE Vector Shape - Group","hd":false},{"ty":"fl","c":{"a":0,"k":[0.313999998803,0.889999988032,0.757000014361,1],"ix":4},"o":{"a":0,"k":100,"ix":5},"r":1,"bm":0,"nm":"Fill 1","mn":"ADBE Vector Graphic - Fill","hd":false},{"ty":"tr","p":{"a":0,"k":[874.45,606.65],"ix":2},"a":{"a":0,"k":[0,0],"ix":1},"s":{"a":0,"k":[100,100],"ix":3},"r":{"a":0,"k":0,"ix":6},"o":{"a":0,"k":100,"ix":7},"sk":{"a":0,"k":0,"ix":4},"sa":{"a":0,"k":0,"ix":5},"nm":"Transform"}],"nm":"Group 9","np":2,"cix":2,"bm":0,"ix":9,"mn":"ADBE Vector Group","hd":false},{"ty":"gr","it":[{"ind":0,"ty":"sh","ix":1,"ks":{"a":0,"k":{"i":[[-106.425,0],[0,-7.952],[106.425,0],[0,7.954]],"o":[[106.425,0],[0,7.954],[-106.425,0],[0,-7.952]],"v":[[0,-14.4],[192.7,-0.001],[0,14.4],[-192.7,-0.001]],"c":true},"ix":2},"nm":"Path 1","mn":"ADBE Vector Shape - Group","hd":false},{"ty":"fl","c":{"a":0,"k":[0.948999980852,0.948999980852,0.948999980852,1],"ix":4},"o":{"a":0,"k":100,"ix":5},"r":1,"bm":0,"nm":"Fill 1","mn":"ADBE Vector Graphic - Fill","hd":false},{"ty":"tr","p":{"a":0,"k":[940.6,990.8],"ix":2},"a":{"a":0,"k":[0,0],"ix":1},"s":{"a":0,"k":[100,100],"ix":3},"r":{"a":0,"k":0,"ix":6},"o":{"a":0,"k":100,"ix":7},"sk":{"a":0,"k":0,"ix":4},"sa":{"a":0,"k":0,"ix":5},"nm":"Transform"}],"nm":"Group 10","np":2,"cix":2,"bm":0,"ix":10,"mn":"ADBE Vector Group","hd":false}],"ip":26.0000010590017,"op":926.000037716753,"st":26.0000010590017,"bm":0},{"ddd":0,"ind":2,"ty":4,"nm":"deseo paraguas Outlines","sr":1,"ks":{"o":{"a":0,"k":100,"ix":11},"r":{"a":0,"k":0,"ix":10},"p":{"a":0,"k":[960,540,0],"ix":2},"a":{"a":0,"k":[960,540,0],"ix":1},"s":{"a":0,"k":[100,100,100],"ix":6}},"ao":0,"shapes":[{"ty":"gr","it":[{"ind":0,"ty":"sh","ix":1,"ks":{"a":0,"k":{"i":[[0,0],[-6.706,2.601],[0,0],[-7.664,4.243],[0,0],[-6.843,2.874],[0,0],[-8.074,4.243],[0,0],[-6.158,2.601],[-1.916,-2.463],[60.075,-27.644]],"o":[[0,0],[6.842,-2.599],[0,0],[7.8,-4.242],[0,0],[6.842,-2.874],[0,0],[8.074,-4.242],[0,0],[6.295,-2.6],[0,0],[-59.803,27.779]],"v":[[-49.675,60.897],[-40.643,47.349],[-23.812,47.349],[-16.422,35.717],[0.958,35.717],[9.716,23.127],[26.138,23.127],[35.443,10.811],[51.865,10.811],[60.349,-1.642],[76.771,-1.642],[-16.969,-33.253]],"c":true},"ix":2},"nm":"Path 1","mn":"ADBE Vector Shape - Group","hd":false},{"ty":"fl","c":{"a":0,"k":[0.093999997307,0.430999995213,0.57599995931,1],"ix":4},"o":{"a":0,"k":100,"ix":5},"r":1,"bm":0,"nm":"Fill 1","mn":"ADBE Vector Graphic - Fill","hd":false},{"ty":"tr","p":{"a":0,"k":[636.111,647.326],"ix":2},"a":{"a":0,"k":[0,0],"ix":1},"s":{"a":0,"k":[100,100],"ix":3},"r":{"a":0,"k":0,"ix":6},"o":{"a":0,"k":100,"ix":7},"sk":{"a":0,"k":0,"ix":4},"sa":{"a":0,"k":0,"ix":5},"nm":"Transform"}],"nm":"Group 1","np":2,"cix":2,"bm":0,"ix":1,"mn":"ADBE Vector Group","hd":false},{"ty":"gr","it":[{"ind":0,"ty":"sh","ix":1,"ks":{"a":0,"k":{"i":[[0,0],[0,0],[6.568,-3.011],[0,0],[0,0]],"o":[[0,0],[0,0],[-6.569,3.01],[0,0],[0,0]],"v":[[-30.653,-66.781],[28.328,52.002],[24.086,63.772],[12.864,61.034],[8.622,52.002]],"c":false},"ix":2},"nm":"Path 1","mn":"ADBE Vector Shape - Group","hd":false},{"ty":"st","c":{"a":0,"k":[0,0.184000007779,0.477999997606,1],"ix":3},"o":{"a":0,"k":100,"ix":4},"w":{"a":0,"k":4,"ix":5},"lc":2,"lj":2,"bm":0,"nm":"Stroke 1","mn":"ADBE Vector Graphic - Stroke","hd":false},{"ty":"tr","p":{"a":0,"k":[646.649,674.832],"ix":2},"a":{"a":0,"k":[0,0],"ix":1},"s":{"a":0,"k":[100,100],"ix":3},"r":{"a":0,"k":0,"ix":6},"o":{"a":0,"k":100,"ix":7},"sk":{"a":0,"k":0,"ix":4},"sa":{"a":0,"k":0,"ix":5},"nm":"Transform"}],"nm":"Group 2","np":2,"cix":2,"bm":0,"ix":2,"mn":"ADBE Vector Group","hd":false},{"ty":"gr","it":[{"ind":0,"ty":"sh","ix":1,"ks":{"a":0,"k":{"i":[[-8.561,56.85],[-67.989,-10.238],[8.561,-56.848],[67.989,10.238]],"o":[[8.561,-56.849],[67.989,10.239],[-8.561,56.85],[-67.989,-10.239]],"v":[[-123.105,-18.538],[15.5,-102.934],[123.106,18.538],[-15.5,102.935]],"c":true},"ix":2},"nm":"Path 1","mn":"ADBE Vector Shape - Group","hd":false},{"ty":"fl","c":{"a":0,"k":[0.948999980852,0.948999980852,0.948999980852,1],"ix":4},"o":{"a":0,"k":100,"ix":5},"r":1,"bm":0,"nm":"Fill 1","mn":"ADBE Vector Graphic - Fill","hd":false},{"ty":"tr","p":{"a":0,"k":[646.598,674.779],"ix":2},"a":{"a":0,"k":[0,0],"ix":1},"s":{"a":0,"k":[100,100],"ix":3},"r":{"a":0,"k":0,"ix":6},"o":{"a":0,"k":100,"ix":7},"sk":{"a":0,"k":0,"ix":4},"sa":{"a":0,"k":0,"ix":5},"nm":"Transform"}],"nm":"Group 3","np":2,"cix":2,"bm":0,"ix":3,"mn":"ADBE Vector Group","hd":false}],"ip":26.0000010590017,"op":926.000037716753,"st":26.0000010590017,"bm":0},{"ddd":0,"ind":3,"ty":4,"nm":"deseo raqueta Outlines","sr":1,"ks":{"o":{"a":0,"k":100,"ix":11},"r":{"a":0,"k":0,"ix":10},"p":{"a":0,"k":[960,540,0],"ix":2},"a":{"a":0,"k":[960,540,0],"ix":1},"s":{"a":0,"k":[100,100,100],"ix":6}},"ao":0,"shapes":[{"ty":"gr","it":[{"ind":0,"ty":"sh","ix":1,"ks":{"a":0,"k":{"i":[[-2.301,-0.3],[0,0],[0,0]],"o":[[0,0],[0,0],[2.5,-0.2]],"v":[[-11.699,-60.95],[-16.599,-57.65],[-18.8,-61.05]],"c":true},"ix":2},"nm":"Path 1","mn":"ADBE Vector Shape - Group","hd":false},{"ind":1,"ty":"sh","ix":2,"ks":{"a":0,"k":{"i":[[-2.2,-1.2],[0,0],[0,0]],"o":[[0,0],[0,0],[2.4,0.7]],"v":[[1.801,-56.55],[-1.8,-54.25],[-5.099,-59.35]],"c":true},"ix":2},"nm":"Path 2","mn":"ADBE Vector Shape - Group","hd":false},{"ind":2,"ty":"sh","ix":3,"ks":{"a":0,"k":{"i":[[-2,-1.5],[0,0],[0,0],[0,0]],"o":[[0,0],[0,0],[0,0],[2.1,1.4]],"v":[[11.401,-50.05],[4,-45.35],[0.2,-51.25],[5.301,-54.55]],"c":true},"ix":2},"nm":"Path 3","mn":"ADBE Vector Shape - Group","hd":false},{"ind":3,"ty":"sh","ix":4,"ks":{"a":0,"k":{"i":[[-1.4,-2],[0,0],[0,0],[0,0]],"o":[[0,0],[0,0],[0,0],[1.601,1.7]],"v":[[18.801,-42.05],[9.7,-36.45],[5.901,-42.35],[14.2,-47.65]],"c":true},"ix":2},"nm":"Path 4","mn":"ADBE Vector Shape - Group","hd":false},{"ind":4,"ty":"sh","ix":5,"ks":{"a":0,"k":{"i":[[-0.899,-2.2],[0,0],[0,0],[0,0]],"o":[[0,0],[0,0],[0,0],[1.2,2.1]],"v":[[23.7,-32.45],[15.5,-27.35],[11.7,-33.25],[20.601,-38.95]],"c":true},"ix":2},"nm":"Path 5","mn":"ADBE Vector Shape - Group","hd":false},{"ind":5,"ty":"sh","ix":6,"ks":{"a":0,"k":{"i":[[-0.099,-2.6],[0,0],[0,0],[0,0]],"o":[[0,0],[0,0],[0,0],[0.8,2.5]],"v":[[26,-21.35],[21.2,-18.45],[17.401,-24.35],[24.801,-29.05]],"c":true},"ix":2},"nm":"Path 6","mn":"ADBE Vector Shape - Group","hd":false},{"ind":6,"ty":"sh","ix":7,"ks":{"a":0,"k":{"i":[[0,0],[0,0],[0,0],[0,0]],"o":[[0,0],[0,0],[0,0],[0,0]],"v":[[12.301,-12.55],[8.401,-18.65],[14.301,-22.45],[18.101,-16.55]],"c":true},"ix":2},"nm":"Path 7","mn":"ADBE Vector Shape - Group","hd":false},{"ind":7,"ty":"sh","ix":8,"ks":{"a":0,"k":{"i":[[0.1,-1.6],[0,0],[0,0]],"o":[[0,0],[0,0],[-0.1,1.9]],"v":[[25.301,-12.05],[23.101,-15.45],[25.901,-17.25]],"c":true},"ix":2},"nm":"Path 8","mn":"ADBE Vector Shape - Group","hd":false},{"ind":8,"ty":"sh","ix":9,"ks":{"a":0,"k":{"i":[[1.4,-2.2],[0,0],[0,0],[0,0]],"o":[[0,0],[0,0],[0,0],[-0.899,2.7]],"v":[[20.401,-0.05],[14.101,-9.65],[20,-13.45],[24,-7.45]],"c":true},"ix":2},"nm":"Path 9","mn":"ADBE Vector Shape - Group","hd":false},{"ind":9,"ty":"sh","ix":10,"ks":{"a":0,"k":{"i":[[2.101,-1.4],[0,0],[0,0],[0,0]],"o":[[0,0],[0,0],[0,0],[-1.7,1.9]],"v":[[12.7,7.95],[5.101,-3.95],[11,-7.75],[18.101,3.05]],"c":true},"ix":2},"nm":"Path 10","mn":"ADBE Vector Shape - Group","hd":false},{"ind":10,"ty":"sh","ix":11,"ks":{"a":0,"k":{"i":[[2.3,-0.6],[0,0],[0,0],[0,0]],"o":[[0,0],[0,0],[0,0],[-2.099,1.1]],"v":[[3.101,12.75],[-3.8,1.95],[2.101,-1.85],[9.7,10.05]],"c":true},"ix":2},"nm":"Path 11","mn":"ADBE Vector Shape - Group","hd":false},{"ind":11,"ty":"sh","ix":12,"ks":{"a":0,"k":{"i":[[2.701,0.2],[0,0],[0,0],[0,0]],"o":[[0,0],[0,0],[0,0],[-2.8,0.5]],"v":[[-8.8,13.75],[-12.899,7.55],[-7,3.75],[-0.599,13.55]],"c":true},"ix":2},"nm":"Path 12","mn":"ADBE Vector Shape - Group","hd":false},{"ind":12,"ty":"sh","ix":13,"ks":{"a":0,"k":{"i":[[1.5,0.7],[0,0],[0,0]],"o":[[0,0],[0,0],[-1.8,-0.4]],"v":[[-18.599,11.25],[-15.8,9.45],[-13.599,12.85]],"c":true},"ix":2},"nm":"Path 13","mn":"ADBE Vector Shape - Group","hd":false},{"ind":13,"ty":"sh","ix":14,"ks":{"a":0,"k":{"i":[[2.099,1.7],[0,0],[0,0],[0,0]],"o":[[0,0],[0,0],[0,0],[-2.3,-1.2]],"v":[[-28.899,5.15],[-21.5,0.55],[-17.699,6.45],[-22.399,9.45]],"c":true},"ix":2},"nm":"Path 14","mn":"ADBE Vector Shape - Group","hd":false},{"ind":14,"ty":"sh","ix":15,"ks":{"a":0,"k":{"i":[[1.3,2.2],[0,0],[0,0],[0,0]],"o":[[0,0],[0,0],[0,0],[-1.8,-1.5]],"v":[[-36.199,-3.05],[-27.3,-8.55],[-23.5,-2.65],[-31.5,2.45]],"c":true},"ix":2},"nm":"Path 15","mn":"ADBE Vector Shape - Group","hd":false},{"ind":15,"ty":"sh","ix":16,"ks":{"a":0,"k":{"i":[[1,2.2],[0,0],[0,0],[0,0]],"o":[[0,0],[0,0],[0,0],[-1.101,-2]],"v":[[-41.3,-12.35],[-33.099,-17.45],[-29.3,-11.55],[-38.199,-5.85]],"c":true},"ix":2},"nm":"Path 16","mn":"ADBE Vector Shape - Group","hd":false},{"ind":16,"ty":"sh","ix":17,"ks":{"a":0,"k":{"i":[[0.201,2.4],[0,0],[0,0],[0,0]],"o":[[0,0],[0,0],[0,0],[-0.799,-2.4]],"v":[[-43.8,-23.05],[-38.699,-26.35],[-34.899,-20.45],[-42.3,-15.75]],"c":true},"ix":2},"nm":"Path 17","mn":"ADBE Vector Shape - Group","hd":false},{"ind":17,"ty":"sh","ix":18,"ks":{"a":0,"k":{"i":[[-0.3,2.3],[0,0],[0,0]],"o":[[0,0],[0,0],[-0.2,-2.6]],"v":[[-43.899,-34.35],[-40.599,-29.25],[-44.199,-26.95]],"c":true},"ix":2},"nm":"Path 18","mn":"ADBE Vector Shape - Group","hd":false},{"ind":18,"ty":"sh","ix":19,"ks":{"a":0,"k":{"i":[[0,0],[0,0],[0,0],[0,0]],"o":[[0,0],[0,0],[0,0],[0,0]],"v":[[-35.5,-41.05],[-31.699,-35.15],[-37.599,-31.35],[-41.399,-37.25]],"c":true},"ix":2},"nm":"Path 19","mn":"ADBE Vector Shape - Group","hd":false},{"ind":19,"ty":"sh","ix":20,"ks":{"a":0,"k":{"i":[[-1.1,1.9],[0,0],[0,0]],"o":[[0,0],[0,0],[0.801,-2.4]],"v":[[-39.599,-47.45],[-37.599,-44.25],[-42.5,-40.95]],"c":true},"ix":2},"nm":"Path 20","mn":"ADBE Vector Shape - Group","hd":false},{"ind":20,"ty":"sh","ix":21,"ks":{"a":0,"k":{"i":[[-1.899,1.4],[0,0],[0,0],[0,0]],"o":[[0,0],[0,0],[0,0],[1.5,-1.8]],"v":[[-32.3,-55.85],[-28.5,-49.95],[-34.399,-46.15],[-37.399,-50.85]],"c":true},"ix":2},"nm":"Path 21","mn":"ADBE Vector Shape - Group","hd":false},{"ind":21,"ty":"sh","ix":22,"ks":{"a":0,"k":{"i":[[0,0],[0,0],[0,0],[0,0]],"o":[[0,0],[0,0],[0,0],[0,0]],"v":[[-14.5,-54.45],[-8.599,-58.25],[-4.8,-52.35],[-10.699,-48.55]],"c":true},"ix":2},"nm":"Path 22","mn":"ADBE Vector Shape - Group","hd":false},{"ind":22,"ty":"sh","ix":23,"ks":{"a":0,"k":{"i":[[0,0],[0,0],[0,0],[0,0]],"o":[[0,0],[0,0],[0,0],[0,0]],"v":[[-13.899,-46.75],[-19.8,-42.95],[-23.599,-48.85],[-17.699,-52.65]],"c":true},"ix":2},"nm":"Path 23","mn":"ADBE Vector Shape - Group","hd":false},{"ind":23,"ty":"sh","ix":24,"ks":{"a":0,"k":{"i":[[0,0],[0,0],[0,0],[0,0]],"o":[[0,0],[0,0],[0,0],[0,0]],"v":[[-8.8,-45.55],[-2.899,-49.35],[1.101,-43.35],[-5,-39.55]],"c":true},"ix":2},"nm":"Path 24","mn":"ADBE Vector Shape - Group","hd":false},{"ind":24,"ty":"sh","ix":25,"ks":{"a":0,"k":{"i":[[0,0],[0,0],[0,0],[0,0]],"o":[[0,0],[0,0],[0,0],[0,0]],"v":[[-28.699,-37.25],[-32.5,-43.15],[-26.599,-46.95],[-22.8,-41.05]],"c":true},"ix":2},"nm":"Path 25","mn":"ADBE Vector Shape - Group","hd":false},{"ind":25,"ty":"sh","ix":26,"ks":{"a":0,"k":{"i":[[0,0],[0,0],[0,0],[0,0]],"o":[[0,0],[0,0],[0,0],[0,0]],"v":[[-8.099,-37.55],[-14,-33.75],[-17.8,-39.65],[-11.899,-43.45]],"c":true},"ix":2},"nm":"Path 26","mn":"ADBE Vector Shape - Group","hd":false},{"ind":26,"ty":"sh","ix":27,"ks":{"a":0,"k":{"i":[[0,0],[0,0],[0,0],[0,0]],"o":[[0,0],[0,0],[0,0],[0,0]],"v":[[-3,-36.45],[2.901,-40.25],[6.7,-34.35],[0.801,-30.55]],"c":true},"ix":2},"nm":"Path 27","mn":"ADBE Vector Shape - Group","hd":false},{"ind":27,"ty":"sh","ix":28,"ks":{"a":0,"k":{"i":[[0,0],[0,0],[0,0],[0,0]],"o":[[0,0],[0,0],[0,0],[0,0]],"v":[[-2.199,-28.65],[-8.3,-24.85],[-12.099,-30.75],[-6.199,-34.55]],"c":true},"ix":2},"nm":"Path 28","mn":"ADBE Vector Shape - Group","hd":false},{"ind":28,"ty":"sh","ix":29,"ks":{"a":0,"k":{"i":[[0,0],[0,0],[0,0],[0,0]],"o":[[0,0],[0,0],[0,0],[0,0]],"v":[[2.7,-27.55],[8.601,-31.35],[12.401,-25.45],[6.5,-21.65]],"c":true},"ix":2},"nm":"Path 29","mn":"ADBE Vector Shape - Group","hd":false},{"ind":29,"ty":"sh","ix":30,"ks":{"a":0,"k":{"i":[[0,0],[0,0],[0,0],[0,0]],"o":[[0,0],[0,0],[0,0],[0,0]],"v":[[-6.399,-21.95],[-0.5,-25.75],[3.301,-19.85],[-2.5,-15.85]],"c":true},"ix":2},"nm":"Path 30","mn":"ADBE Vector Shape - Group","hd":false},{"ind":30,"ty":"sh","ix":31,"ks":{"a":0,"k":{"i":[[0,0],[0,0],[0,0],[0,0]],"o":[[0,0],[0,0],[0,0],[0,0]],"v":[[-20.199,-17.15],[-26.099,-13.35],[-29.899,-19.25],[-24,-23.05]],"c":true},"ix":2},"nm":"Path 31","mn":"ADBE Vector Shape - Group","hd":false},{"ind":31,"ty":"sh","ix":32,"ks":{"a":0,"k":{"i":[[0,0],[0,0],[0,0],[0,0]],"o":[[0,0],[0,0],[0,0],[0,0]],"v":[[-21,-24.95],[-15,-28.95],[-11.199,-23.05],[-17.199,-19.05]],"c":true},"ix":2},"nm":"Path 32","mn":"ADBE Vector Shape - Group","hd":false},{"ind":32,"ty":"sh","ix":33,"ks":{"a":0,"k":{"i":[[0,0],[0,0],[0,0],[0,0]],"o":[[0,0],[0,0],[0,0],[0,0]],"v":[[-26.899,-34.05],[-21,-37.85],[-17.199,-31.95],[-23.099,-28.15]],"c":true},"ix":2},"nm":"Path 33","mn":"ADBE Vector Shape - Group","hd":false},{"ind":33,"ty":"sh","ix":34,"ks":{"a":0,"k":{"i":[[0,0],[0,0],[0,0],[0,0]],"o":[[0,0],[0,0],[0,0],[0,0]],"v":[[-26,-26.25],[-32,-22.25],[-35.8,-28.15],[-29.8,-32.15]],"c":true},"ix":2},"nm":"Path 34","mn":"ADBE Vector Shape - Group","hd":false},{"ind":34,"ty":"sh","ix":35,"ks":{"a":0,"k":{"i":[[0,0],[0,0],[0,0],[0,0]],"o":[[0,0],[0,0],[0,0],[0,0]],"v":[[-5.399,-13.85],[-11.3,-10.05],[-15.099,-15.95],[-9.199,-19.75]],"c":true},"ix":2},"nm":"Path 35","mn":"ADBE Vector Shape - Group","hd":false},{"ind":35,"ty":"sh","ix":36,"ks":{"a":0,"k":{"i":[[0,0],[0,0],[0,0],[0,0]],"o":[[0,0],[0,0],[0,0],[0,0]],"v":[[-0.599,-12.85],[5.301,-16.65],[9.101,-10.75],[3.2,-6.95]],"c":true},"ix":2},"nm":"Path 36","mn":"ADBE Vector Shape - Group","hd":false},{"ind":36,"ty":"sh","ix":37,"ks":{"a":0,"k":{"i":[[0,0],[0,0],[0,0],[0,0]],"o":[[0,0],[0,0],[0,0],[0,0]],"v":[[-20.399,-4.45],[-24.199,-10.35],[-18.3,-14.15],[-14.5,-8.25]],"c":true},"ix":2},"nm":"Path 37","mn":"ADBE Vector Shape - Group","hd":false},{"ind":37,"ty":"sh","ix":38,"ks":{"a":0,"k":{"i":[[0,0],[0,0],[0,0],[0,0]],"o":[[0,0],[0,0],[0,0],[0,0]],"v":[[-8.699,0.85],[-14.599,4.65],[-18.399,-1.25],[-12.599,-5.25]],"c":true},"ix":2},"nm":"Path 38","mn":"ADBE Vector Shape - Group","hd":false},{"ind":38,"ty":"sh","ix":39,"ks":{"a":0,"k":{"i":[[0,0],[0,0],[0,0],[0,0]],"o":[[0,0],[0,0],[0,0],[0,0]],"v":[[-9.699,-7.15],[-3.8,-10.95],[0,-5.05],[-5.899,-1.25]],"c":true},"ix":2},"nm":"Path 39","mn":"ADBE Vector Shape - Group","hd":false},{"ind":39,"ty":"sh","ix":40,"ks":{"a":0,"k":{"i":[[0,0],[-2.3,0.6],[0,0],[0,0]],"o":[[2.101,-1.2],[0,0],[0,0],[0,0]],"v":[[-29.3,-57.75],[-22.599,-60.25],[-19.599,-55.55],[-25.5,-51.75]],"c":true},"ix":2},"nm":"Path 40","mn":"ADBE Vector Shape - Group","hd":false},{"ind":40,"ty":"sh","ix":41,"ks":{"a":0,"k":{"i":[[19,-12],[-13.101,-20.7],[-13.5,-1],[-3.5,-5.5],[0,0],[0,0],[0,0],[0,0],[0,0],[-1.701,1.1],[0,0],[1.099,1.7],[0,0],[0,0],[0,0],[0,0],[8.3,12.9]],"o":[[-19.101,12.2],[8.399,13],[0,0],[0,0],[0,0],[0,0],[0,0],[0,0],[1.101,1.7],[0,0],[1.699,-1.1],[0,0],[0,0],[0,0],[-3.5,-5.5],[4.8,-12.6],[-13.2,-20.8]],"v":[[-34.699,-62.95],[-43.399,-0.45],[-8.199,20.95],[20.801,30.45],[26.5,39.35],[25,40.25],[32.401,35.75],[25,40.25],[43.5,72.75],[48.401,73.85],[54.301,70.05],[55.401,65.15],[33.7,34.75],[32.401,35.55],[26.7,26.65],[30.301,-3.65],[25.601,-44.35]],"c":true},"ix":2},"nm":"Path 41","mn":"ADBE Vector Shape - Group","hd":false},{"ty":"mm","mm":1,"nm":"Merge Paths 1","mn":"ADBE Vector Filter - Merge","hd":false},{"ty":"fl","c":{"a":0,"k":[0.090000002992,0.187999994615,0.322000002394,1],"ix":4},"o":{"a":0,"k":100,"ix":5},"r":1,"bm":0,"nm":"Fill 1","mn":"ADBE Vector Graphic - Fill","hd":false},{"ty":"tr","p":{"a":0,"k":[1507.659,320.85],"ix":2},"a":{"a":0,"k":[0,0],"ix":1},"s":{"a":0,"k":[100,100],"ix":3},"r":{"a":0,"k":0,"ix":6},"o":{"a":0,"k":100,"ix":7},"sk":{"a":0,"k":0,"ix":4},"sa":{"a":0,"k":0,"ix":5},"nm":"Transform"}],"nm":"Group 1","np":43,"cix":2,"bm":0,"ix":1,"mn":"ADBE Vector Group","hd":false},{"ty":"gr","it":[{"ind":0,"ty":"sh","ix":1,"ks":{"a":0,"k":{"i":[[-73.398,0],[0,-50.866],[73.398,0],[0,50.865]],"o":[[73.398,0],[0,50.865],[-73.398,0],[0,-50.866]],"v":[[0,-92.1],[132.9,0],[0,92.1],[-132.9,0]],"c":true},"ix":2},"nm":"Path 1","mn":"ADBE Vector Shape - Group","hd":false},{"ty":"fl","c":{"a":0,"k":[0.948999980852,0.948999980852,0.948999980852,1],"ix":4},"o":{"a":0,"k":100,"ix":5},"r":1,"bm":0,"nm":"Fill 1","mn":"ADBE Vector Graphic - Fill","hd":false},{"ty":"tr","p":{"a":0,"k":[1521,323.3],"ix":2},"a":{"a":0,"k":[0,0],"ix":1},"s":{"a":0,"k":[100,100],"ix":3},"r":{"a":0,"k":0,"ix":6},"o":{"a":0,"k":100,"ix":7},"sk":{"a":0,"k":0,"ix":4},"sa":{"a":0,"k":0,"ix":5},"nm":"Transform"}],"nm":"Group 2","np":2,"cix":2,"bm":0,"ix":2,"mn":"ADBE Vector Group","hd":false}],"ip":26.0000010590017,"op":926.000037716753,"st":26.0000010590017,"bm":0},{"ddd":0,"ind":4,"ty":4,"nm":"deseo libros Outlines","sr":1,"ks":{"o":{"a":0,"k":100,"ix":11},"r":{"a":0,"k":0,"ix":10},"p":{"a":0,"k":[960,540,0],"ix":2},"a":{"a":0,"k":[960,540,0],"ix":1},"s":{"a":0,"k":[100,100,100],"ix":6}},"ao":0,"shapes":[{"ty":"gr","it":[{"ind":0,"ty":"sh","ix":1,"ks":{"a":0,"k":{"i":[[0,0],[0,0],[0,0],[0,0],[-0.3,0.3],[0,0]],"o":[[0,0],[0,0],[0,0],[0.4,0],[0,0],[0,0]],"v":[[50.8,-3.8],[15.4,26.3],[15.4,15.1],[15.7,15.1],[16.8,14.7],[50.8,-14.4]],"c":true},"ix":2},"nm":"Path 1","mn":"ADBE Vector Shape - Group","hd":false},{"ind":1,"ty":"sh","ix":2,"ks":{"a":0,"k":{"i":[[0,0],[0,0],[0,0],[0,0],[-0.3,0.3],[0,0],[0,0],[0,0],[-0.3,0.3],[0,0]],"o":[[0,0],[0,0],[0,0],[0.4,0],[0,0],[0,0],[0,0],[0.4,0],[0,0],[0,0]],"v":[[46.9,12.6],[11.5,42.7],[11.5,31.5],[11.8,31.5],[12.9,31.1],[14.8,29.5],[15.6,29.7],[15.9,29.7],[17,29.3],[46.9,3.7]],"c":true},"ix":2},"nm":"Path 2","mn":"ADBE Vector Shape - Group","hd":false},{"ind":2,"ty":"sh","ix":3,"ks":{"a":0,"k":{"i":[[0,0],[0,0],[0,0],[0,0],[0,0],[-0.3,0.3],[0,0],[0,0],[0,0]],"o":[[0,0],[0,0],[0,0],[0,0],[0.4,0],[0,0],[0,0],[0,0],[0,0]],"v":[[-43.3,14],[-43.3,4.4],[7,15],[9.1,15.4],[9.4,15.4],[10.5,15],[11.4,14.2],[12,14.3],[12,25.5]],"c":true},"ix":2},"nm":"Path 3","mn":"ADBE Vector Shape - Group","hd":false},{"ind":3,"ty":"sh","ix":4,"ks":{"a":0,"k":{"i":[[0,0],[0,0],[0,0],[0,0]],"o":[[0,0],[0,0],[0,0],[0,0]],"v":[[-47.2,30.4],[-47.2,19.2],[8.2,30.8],[8.2,42]],"c":true},"ix":2},"nm":"Path 4","mn":"ADBE Vector Shape - Group","hd":false},{"ind":4,"ty":"sh","ix":5,"ks":{"a":0,"k":{"i":[[0,0],[0,0],[0,0],[0,0]],"o":[[0,0],[0,0],[0,0],[0,0]],"v":[[-49.7,-11.5],[5.7,0.1],[5.7,11.3],[-49.7,-0.3]],"c":true},"ix":2},"nm":"Path 5","mn":"ADBE Vector Shape - Group","hd":false},{"ind":5,"ty":"sh","ix":6,"ks":{"a":0,"k":{"i":[[-0.1,0],[-0.3,0.3],[0,0],[0,0],[0,0],[0,0]],"o":[[0.4,0],[0,0],[0,0],[0,0],[0,0],[0.1,0.1]],"v":[[9.3,0.9],[10.4,0.5],[44.3,-28.5],[44.3,-18],[9,12],[9,0.8]],"c":true},"ix":2},"nm":"Path 6","mn":"ADBE Vector Shape - Group","hd":false},{"ind":6,"ty":"sh","ix":7,"ks":{"a":0,"k":{"i":[[0.2,0.6],[0.7,0.1],[0,0],[0,0],[0,0],[0.2,0.6],[0.6,0.1],[0,0],[0,0],[0,0],[0,0],[0.2,0.6],[0.6,0.1],[0,0],[0.3,-0.3],[0,0],[0,-5.7],[-0.2,-0.1],[0,0],[0,-0.1],[0,-0.1],[0,0],[0,0],[0,0],[0,0],[0,-1.8],[-1,-1.5],[0,0],[0,-5.7],[-0.2,-0.1],[-0.2,-0.1],[0,0],[0,0],[0,0],[-0.3,0.3],[0,0],[0.2,0.6],[0.7,0.1],[0,0],[0,0],[0,0]],"o":[[-0.2,-0.6],[0,0],[0,0],[0,0],[0.5,-0.4],[-0.2,-0.6],[0,0],[0,0],[0,0],[0,0],[0.5,-0.4],[-0.2,-0.6],[0,0],[-0.4,-0.1],[0,0],[-0.8,0.5],[0.1,6.2],[0,0],[0,0],[0,0],[0,0],[0,0],[0,0],[0,0],[-0.4,1.1],[0,3.1],[0,0],[-0.8,0.5],[0.1,6.2],[0.1,0.1],[0,0],[0,0],[0,0],[0.4,0],[0,0],[0.5,-0.4],[-0.2,-0.6],[0,0],[0,0],[0,0],[0.8,0.1]],"v":[[56,-5.2],[54.7,-6.4],[53.9,-6.6],[53.9,-17.1],[55.1,-18.2],[55.6,-19.9],[54.3,-21.1],[47.4,-22.4],[47.4,-31.3],[47.4,-31.5],[48.7,-32.6],[49.2,-34.3],[47.9,-35.5],[-7.9,-45.6],[-9.1,-45.3],[-52.4,-15.1],[-56.2,-6.9],[-52.3,2.2],[-52.2,2.2],[-52.1,2.3],[-52,2.4],[-51.9,2.4],[-51.8,2.4],[-51.7,2.4],[-49.1,2.9],[-49.8,7.2],[-47.9,14],[-49.9,15.4],[-53.7,23.6],[-49.8,32.7],[-49.2,33],[9.4,45.3],[11.5,45.7],[11.8,45.7],[12.9,45.3],[51.4,12.4],[51.9,10.7],[50.6,9.5],[49.9,9.4],[49.9,0.5],[55.2,-4]],"c":true},"ix":2},"nm":"Path 7","mn":"ADBE Vector Shape - Group","hd":false},{"ty":"mm","mm":1,"nm":"Merge Paths 1","mn":"ADBE Vector Filter - Merge","hd":false},{"ty":"fl","c":{"a":0,"k":[0.851000019148,0.513999968884,0.313999998803,1],"ix":4},"o":{"a":0,"k":100,"ix":5},"r":1,"bm":0,"nm":"Fill 1","mn":"ADBE Vector Graphic - Fill","hd":false},{"ty":"tr","p":{"a":0,"k":[357.832,326.869],"ix":2},"a":{"a":0,"k":[0,0],"ix":1},"s":{"a":0,"k":[100,100],"ix":3},"r":{"a":0,"k":0,"ix":6},"o":{"a":0,"k":100,"ix":7},"sk":{"a":0,"k":0,"ix":4},"sa":{"a":0,"k":0,"ix":5},"nm":"Transform"}],"nm":"Group 1","np":9,"cix":2,"bm":0,"ix":1,"mn":"ADBE Vector Group","hd":false},{"ty":"gr","it":[{"ind":0,"ty":"sh","ix":1,"ks":{"a":0,"k":{"i":[[0.2,0.6],[0.7,0.1],[0,0],[0,0],[0,0],[0.2,0.6],[0.6,0.1],[0,0],[0,0],[0,0],[0,0],[0.2,0.6],[0.6,0.1],[0,0],[0.3,-0.3],[0,0],[0,-5.7],[-0.2,-0.1],[0,0],[0,-0.1],[0,-0.101],[0,0],[0,0],[0,0],[0,0],[0,-1.799],[-1,-1.5],[0,0],[0,-5.699],[-0.2,-0.1],[-0.2,-0.1],[0,0],[0,0],[0,0],[-0.299,0.3],[0,0],[0.201,0.599],[0.7,0.1],[0,0],[0,0],[0,0]],"o":[[-0.2,-0.6],[0,0],[0,0],[0,0],[0.5,-0.4],[-0.2,-0.6],[0,0],[0,0],[0,0],[0,0],[0.5,-0.4],[-0.2,-0.6],[0,0],[-0.4,-0.1],[0,0],[-0.8,0.5],[0.1,6.2],[0,0],[0,0],[0,0],[0,0],[0,0],[0,0],[0,0],[-0.4,1.1],[0,3.1],[0,0],[-0.8,0.5],[0.1,6.2],[0.1,0.1],[0,0],[0,0],[0,0],[0.4,0],[0,0],[0.5,-0.4],[-0.199,-0.6],[0,0],[0,0],[0,0],[0.8,0.099]],"v":[[56,-5.2],[54.7,-6.4],[53.9,-6.6],[53.9,-17.1],[55.1,-18.2],[55.6,-19.9],[54.3,-21.1],[47.4,-22.4],[47.4,-31.3],[47.4,-31.5],[48.7,-32.6],[49.2,-34.3],[47.9,-35.5],[-7.9,-45.6],[-9.1,-45.3],[-52.4,-15.1],[-56.2,-6.9],[-52.3,2.2],[-52.2,2.2],[-52.1,2.3],[-52,2.401],[-51.9,2.401],[-51.8,2.401],[-51.7,2.401],[-49.1,2.901],[-49.8,7.2],[-47.9,14.001],[-49.9,15.401],[-53.7,23.6],[-49.8,32.7],[-49.2,33.001],[9.4,45.3],[11.5,45.7],[11.8,45.7],[12.899,45.3],[51.399,12.401],[51.899,10.701],[50.6,9.501],[49.899,9.401],[49.899,0.501],[55.2,-3.999]],"c":true},"ix":2},"nm":"Path 1","mn":"ADBE Vector Shape - Group","hd":false},{"ty":"fl","c":{"a":0,"k":[1,1,1,1],"ix":4},"o":{"a":0,"k":100,"ix":5},"r":1,"bm":0,"nm":"Fill 1","mn":"ADBE Vector Graphic - Fill","hd":false},{"ty":"tr","p":{"a":0,"k":[357.832,326.869],"ix":2},"a":{"a":0,"k":[0,0],"ix":1},"s":{"a":0,"k":[100,100],"ix":3},"r":{"a":0,"k":0,"ix":6},"o":{"a":0,"k":100,"ix":7},"sk":{"a":0,"k":0,"ix":4},"sa":{"a":0,"k":0,"ix":5},"nm":"Transform"}],"nm":"Group 2","np":2,"cix":2,"bm":0,"ix":2,"mn":"ADBE Vector Group","hd":false},{"ty":"gr","it":[{"ind":0,"ty":"sh","ix":1,"ks":{"a":0,"k":{"i":[[-73.398,0],[0,-50.866],[73.399,0],[0,50.865]],"o":[[73.399,0],[0,50.865],[-73.398,0],[0,-50.866]],"v":[[0,-92.1],[132.9,0],[0,92.1],[-132.9,0]],"c":true},"ix":2},"nm":"Path 1","mn":"ADBE Vector Shape - Group","hd":false},{"ty":"fl","c":{"a":0,"k":[0.948999980852,0.948999980852,0.948999980852,1],"ix":4},"o":{"a":0,"k":100,"ix":5},"r":1,"bm":0,"nm":"Fill 1","mn":"ADBE Vector Graphic - Fill","hd":false},{"ty":"tr","p":{"a":0,"k":[367.9,328.3],"ix":2},"a":{"a":0,"k":[0,0],"ix":1},"s":{"a":0,"k":[100,100],"ix":3},"r":{"a":0,"k":0,"ix":6},"o":{"a":0,"k":100,"ix":7},"sk":{"a":0,"k":0,"ix":4},"sa":{"a":0,"k":0,"ix":5},"nm":"Transform"}],"nm":"Group 3","np":2,"cix":2,"bm":0,"ix":3,"mn":"ADBE Vector Group","hd":false}],"ip":26.0000010590017,"op":926.000037716753,"st":26.0000010590017,"bm":0},{"ddd":0,"ind":5,"ty":4,"nm":"dp2 Outlines","sr":1,"ks":{"o":{"a":0,"k":100,"ix":11},"r":{"a":0,"k":0,"ix":10},"p":{"a":0,"k":[960,540,0],"ix":2},"a":{"a":0,"k":[960,540,0],"ix":1},"s":{"a":0,"k":[100,100,100],"ix":6}},"ao":0,"shapes":[{"ty":"gr","it":[{"ind":0,"ty":"sh","ix":1,"ks":{"a":0,"k":{"i":[[-2.056,13.652],[-17.585,-2.648],[2.055,-13.652],[17.584,2.649]],"o":[[2.056,-13.653],[17.584,2.648],[-2.056,13.653],[-17.585,-2.647]],"v":[[-31.839,-4.795],[3.723,-24.721],[31.84,4.794],[-3.722,24.719]],"c":true},"ix":2},"nm":"Path 1","mn":"ADBE Vector Shape - Group","hd":false},{"ty":"fl","c":{"a":0,"k":[0.948999980852,0.948999980852,0.948999980852,1],"ix":4},"o":{"a":0,"k":100,"ix":5},"r":1,"bm":0,"nm":"Fill 1","mn":"ADBE Vector Graphic - Fill","hd":false},{"ty":"tr","p":{"a":0,"k":[708.265,532.836],"ix":2},"a":{"a":0,"k":[0,0],"ix":1},"s":{"a":0,"k":[100,100],"ix":3},"r":{"a":0,"k":0,"ix":6},"o":{"a":0,"k":100,"ix":7},"sk":{"a":0,"k":0,"ix":4},"sa":{"a":0,"k":0,"ix":5},"nm":"Transform"}],"nm":"Group 1","np":2,"cix":2,"bm":0,"ix":1,"mn":"ADBE Vector Group","hd":false}],"ip":26.0000010590017,"op":926.000037716753,"st":26.0000010590017,"bm":0},{"ddd":0,"ind":6,"ty":4,"nm":"dp1 Outlines","sr":1,"ks":{"o":{"a":0,"k":100,"ix":11},"r":{"a":0,"k":0,"ix":10},"p":{"a":0,"k":[960,540,0],"ix":2},"a":{"a":0,"k":[960,540,0],"ix":1},"s":{"a":0,"k":[100,100,100],"ix":6}},"ao":0,"shapes":[{"ty":"gr","it":[{"ind":0,"ty":"sh","ix":1,"ks":{"a":0,"k":{"i":[[-1.521,10.103],[-11.086,-1.669],[1.521,-10.103],[11.086,1.67]],"o":[[1.521,-10.103],[11.086,1.67],[-1.522,10.103],[-11.086,-1.669]],"v":[[-20.073,-3.023],[2.754,-18.294],[20.073,3.022],[-2.755,18.292]],"c":true},"ix":2},"nm":"Path 1","mn":"ADBE Vector Shape - Group","hd":false},{"ty":"fl","c":{"a":0,"k":[0.948999980852,0.948999980852,0.948999980852,1],"ix":4},"o":{"a":0,"k":100,"ix":5},"r":1,"bm":0,"nm":"Fill 1","mn":"ADBE Vector Graphic - Fill","hd":false},{"ty":"tr","p":{"a":0,"k":[776.031,501.656],"ix":2},"a":{"a":0,"k":[0,0],"ix":1},"s":{"a":0,"k":[100,100],"ix":3},"r":{"a":0,"k":0,"ix":6},"o":{"a":0,"k":100,"ix":7},"sk":{"a":0,"k":0,"ix":4},"sa":{"a":0,"k":0,"ix":5},"nm":"Transform"}],"nm":"Group 1","np":2,"cix":2,"bm":0,"ix":1,"mn":"ADBE Vector Group","hd":false}],"ip":26.0000010590017,"op":926.000037716753,"st":26.0000010590017,"bm":0},{"ddd":0,"ind":7,"ty":4,"nm":"dr2 Outlines","sr":1,"ks":{"o":{"a":0,"k":100,"ix":11},"r":{"a":0,"k":0,"ix":10},"p":{"a":0,"k":[960,540,0],"ix":2},"a":{"a":0,"k":[960,540,0],"ix":1},"s":{"a":0,"k":[100,100,100],"ix":6}},"ao":0,"shapes":[{"ty":"gr","it":[{"ind":0,"ty":"sh","ix":1,"ks":{"a":0,"k":{"i":[[-18.998,0],[0,-12.261],[18.998,0],[0,12.26]],"o":[[18.998,0],[0,12.26],[-18.998,0],[0,-12.261]],"v":[[0,-22.2],[34.4,0],[0,22.2],[-34.4,0]],"c":true},"ix":2},"nm":"Path 1","mn":"ADBE Vector Shape - Group","hd":false},{"ty":"fl","c":{"a":0,"k":[0.948999980852,0.948999980852,0.948999980852,1],"ix":4},"o":{"a":0,"k":100,"ix":5},"r":1,"bm":0,"nm":"Fill 1","mn":"ADBE Vector Graphic - Fill","hd":false},{"ty":"tr","p":{"a":0,"k":[1390.5,215.6],"ix":2},"a":{"a":0,"k":[0,0],"ix":1},"s":{"a":0,"k":[100,100],"ix":3},"r":{"a":0,"k":0,"ix":6},"o":{"a":0,"k":100,"ix":7},"sk":{"a":0,"k":0,"ix":4},"sa":{"a":0,"k":0,"ix":5},"nm":"Transform"}],"nm":"Group 1","np":2,"cix":2,"bm":0,"ix":1,"mn":"ADBE Vector Group","hd":false}],"ip":26.0000010590017,"op":926.000037716753,"st":26.0000010590017,"bm":0},{"ddd":0,"ind":8,"ty":4,"nm":"dr1 Outlines","sr":1,"ks":{"o":{"a":0,"k":100,"ix":11},"r":{"a":0,"k":0,"ix":10},"p":{"a":0,"k":[960,540,0],"ix":2},"a":{"a":0,"k":[960,540,0],"ix":1},"s":{"a":0,"k":[100,100,100],"ix":6}},"ao":0,"shapes":[{"ty":"gr","it":[{"ind":0,"ty":"sh","ix":1,"ks":{"a":0,"k":{"i":[[-11.929,0],[0,-9.058],[11.93,0],[0,9.058]],"o":[[11.93,0],[0,9.058],[-11.929,0],[0,-9.058]],"v":[[0,-16.4],[21.6,0],[0,16.4],[-21.601,0]],"c":true},"ix":2},"nm":"Path 1","mn":"ADBE Vector Shape - Group","hd":false},{"ty":"fl","c":{"a":0,"k":[0.948999980852,0.948999980852,0.948999980852,1],"ix":4},"o":{"a":0,"k":100,"ix":5},"r":1,"bm":0,"nm":"Fill 1","mn":"ADBE Vector Graphic - Fill","hd":false},{"ty":"tr","p":{"a":0,"k":[1321.8,240],"ix":2},"a":{"a":0,"k":[0,0],"ix":1},"s":{"a":0,"k":[100,100],"ix":3},"r":{"a":0,"k":0,"ix":6},"o":{"a":0,"k":100,"ix":7},"sk":{"a":0,"k":0,"ix":4},"sa":{"a":0,"k":0,"ix":5},"nm":"Transform"}],"nm":"Group 1","np":2,"cix":2,"bm":0,"ix":1,"mn":"ADBE Vector Group","hd":false}],"ip":26.0000010590017,"op":926.000037716753,"st":26.0000010590017,"bm":0},{"ddd":0,"ind":9,"ty":4,"nm":"trayecto/cambio Outlines","sr":1,"ks":{"o":{"a":0,"k":100,"ix":11},"r":{"a":0,"k":0,"ix":10},"p":{"a":0,"k":[960,540,0],"ix":2},"a":{"a":0,"k":[960,540,0],"ix":1},"s":{"a":0,"k":[100,100,100],"ix":6}},"ao":0,"hasMask":true,"masksProperties":[{"inv":false,"mode":"a","pt":{"a":0,"k":{"i":[[0,0],[126.088,-114.463],[0,0],[-51.283,110.914]],"o":[[0,0],[-141,128],[0,0],[43,-93]],"v":[[1103,361],[634,396],[882,584],[1239,497]],"c":true},"ix":1},"o":{"a":0,"k":100,"ix":3},"x":{"a":0,"k":0,"ix":4},"nm":"Mask 1"}],"ef":[{"ty":22,"nm":"Stroke","np":13,"mn":"ADBE Stroke","ix":1,"en":1,"ef":[{"ty":10,"nm":"Path","mn":"ADBE Stroke-0001","ix":1,"v":{"a":0,"k":1,"ix":1}},{"ty":7,"nm":"All Masks","mn":"ADBE Stroke-0010","ix":2,"v":{"a":0,"k":1,"ix":2}},{"ty":7,"nm":"Stroke Sequentially","mn":"ADBE Stroke-0011","ix":3,"v":{"a":0,"k":0,"ix":3}},{"ty":2,"nm":"Color","mn":"ADBE Stroke-0002","ix":4,"v":{"a":0,"k":[1,1,1,1],"ix":4}},{"ty":0,"nm":"Brush Size","mn":"ADBE Stroke-0003","ix":5,"v":{"a":0,"k":69.3,"ix":5}},{"ty":0,"nm":"Brush Hardness","mn":"ADBE Stroke-0004","ix":6,"v":{"a":0,"k":0.119,"ix":6}},{"ty":0,"nm":"Opacity","mn":"ADBE Stroke-0005","ix":7,"v":{"a":0,"k":1,"ix":7}},{"ty":0,"nm":"Start","mn":"ADBE Stroke-0008","ix":8,"v":{"a":1,"k":[{"i":{"x":[0.667],"y":[1]},"o":{"x":[0.66],"y":[0.016]},"t":33,"s":[0],"e":[100]},{"t":139.000005661586}],"ix":8}},{"ty":0,"nm":"End","mn":"ADBE Stroke-0009","ix":9,"v":{"a":1,"k":[{"i":{"x":[0.667],"y":[1]},"o":{"x":[0.695],"y":[0]},"t":19,"s":[0],"e":[100]},{"t":136.000005539394}],"ix":9}},{"ty":7,"nm":"Spacing","mn":"ADBE Stroke-0006","ix":10,"v":{"a":0,"k":0,"ix":10}},{"ty":7,"nm":"Paint Style","mn":"ADBE Stroke-0007","ix":11,"v":{"a":0,"k":3,"ix":11}}]}],"shapes":[{"ty":"gr","it":[{"ind":0,"ty":"sh","ix":1,"ks":{"a":0,"k":{"i":[[0,0],[11.338,0],[6.281,-0.151],[0,0],[-6.473,0],[-11.702,-0.486]],"o":[[-11.496,-0.477],[-6.354,0],[0,0],[6.399,-0.154],[11.544,0],[0,0]],"v":[[-6.906,-95.09],[-41.317,-95.809],[-60.357,-95.581],[-60.716,-110.577],[-41.317,-110.809],[-6.284,-110.077]],"c":true},"ix":2},"nm":"Path 1","mn":"ADBE Vector Shape - Group","hd":false},{"ind":1,"ty":"sh","ix":2,"ks":{"a":0,"k":{"i":[[17.031,-1.997],[0,0],[-18.665,0.737],[0,0]],"o":[[0,0],[17.412,-2.041],[0,0],[-18.281,0.722]],"v":[[-125.441,-91.108],[-127.187,-106.007],[-72.817,-110.193],[-72.225,-95.205]],"c":true},"ix":2},"nm":"Path 2","mn":"ADBE Vector Shape - Group","hd":false},{"ind":2,"ty":"sh","ix":3,"ks":{"a":0,"k":{"i":[[0,0],[17.832,0.995],[0,0],[0,0],[0,0],[-17.632,-2.121]],"o":[[-17.316,-2.083],[0,0],[0,0],[0,0],[18.174,1.014],[0,0]],"v":[[58.238,-89.858],[5.268,-94.497],[4.95,-94.514],[5.81,-109.49],[6.08,-109.475],[60.029,-104.75]],"c":true},"ix":2},"nm":"Path 3","mn":"ADBE Vector Shape - Group","hd":false},{"ind":3,"ty":"sh","ix":4,"ks":{"a":0,"k":{"i":[[16.021,-4.005],[0,0],[-19.152,2.628],[0,0]],"o":[[0,0],[16.546,-4.138],[0,0],[-18.614,2.554]],"v":[[-189.388,-79.731],[-193.027,-94.283],[-139.229,-104.477],[-137.191,-89.616]],"c":true},"ix":2},"nm":"Path 4","mn":"ADBE Vector Shape - Group","hd":false},{"ind":4,"ty":"sh","ix":5,"ks":{"a":0,"k":{"i":[[0,0],[18.065,2.449],[0,0],[-17.216,-3.648]],"o":[[-16.854,-3.571],[0,0],[18.429,2.498],[0,0]],"v":[[122.644,-79.279],[70.02,-88.351],[72.036,-103.215],[125.754,-93.953]],"c":true},"ix":2},"nm":"Path 5","mn":"ADBE Vector Shape - Group","hd":false},{"ind":5,"ty":"sh","ix":6,"ks":{"a":0,"k":{"i":[[0,0],[18.186,4.206],[0,0],[3.865,3.912],[-6.858,-2.328]],"o":[[-15.792,-5.359],[0,0],[10.798,2.497],[-3.865,-3.912],[0,0]],"v":[[185.427,-62.301],[134.22,-76.715],[137.599,-91.329],[168.938,-83.193],[190.248,-76.504]],"c":true},"ix":2},"nm":"Path 6","mn":"ADBE Vector Shape - Group","hd":false},{"ind":6,"ty":"sh","ix":7,"ks":{"a":0,"k":{"i":[[13.248,-7.161],[0,0],[-20.094,5.699],[0,0]],"o":[[0,0],[14.211,-7.681],[0,0],[-19.041,5.401]],"v":[[-249.41,-57.773],[-256.542,-70.969],[-204.842,-91.134],[-200.749,-76.703]],"c":true},"ix":2},"nm":"Path 7","mn":"ADBE Vector Shape - Group","hd":false},{"ind":7,"ty":"sh","ix":8,"ks":{"a":0,"k":{"i":[[0,0],[18.313,6.791],[0,0],[-14.061,-8.397]],"o":[[-13.275,-7.928],[0,0],[19.172,7.109],[0,0]],"v":[[244.136,-36.179],[196.531,-58.361],[201.746,-72.426],[251.827,-49.057]],"c":true},"ix":2},"nm":"Path 8","mn":"ADBE Vector Shape - Group","hd":false},{"ind":8,"ty":"sh","ix":9,"ks":{"a":0,"k":{"i":[[0,0],[0,0],[0,0],[-21.354,13.974],[0,0],[0.707,-12.675]],"o":[[0,0],[0,0],[0.986,-17.669],[0,0],[-17.148,11.221],[0,0]],"v":[[-286.092,-15.797],[-301.071,-16.58],[-301.057,-16.829],[-267.388,-64.53],[-259.174,-51.979],[-286.082,-15.967]],"c":true},"ix":2},"nm":"Path 9","mn":"ADBE Vector Shape - Group","hd":false},{"ind":9,"ty":"sh","ix":10,"ks":{"a":0,"k":{"i":[[0,0],[17.059,11.758],[0,0],[-4.336,-15.558]],"o":[[-3.32,-11.912],[0,0],[20.273,13.972],[0,0]],"v":[[284.969,6.203],[253.819,-29.978],[262.331,-42.328],[299.419,2.176]],"c":true},"ix":2},"nm":"Path 10","mn":"ADBE Vector Shape - Group","hd":false},{"ind":10,"ty":"sh","ix":11,"ks":{"a":0,"k":{"i":[[0,0],[4.265,15.593],[0,0],[-17.044,-11.777]],"o":[[-20.273,-14.009],[0,0],[3.261,11.923],[0,0]],"v":[[-262.514,42.212],[-299.494,-2.4],[-285.025,-6.357],[-253.987,29.871]],"c":true},"ix":2},"nm":"Path 11","mn":"ADBE Vector Shape - Group","hd":false},{"ind":11,"ty":"sh","ix":12,"ks":{"a":0,"k":{"i":[[21.469,-14.001],[0,0],[-0.71,12.715],[0,0],[0,0],[0,0]],"o":[[0,0],[17.248,-11.248],[0,0],[0,0],[0,0],[-0.993,17.776]],"v":[[267.201,64.646],[259.008,52.081],[286.07,15.967],[286.085,15.658],[301.071,16.321],[301.049,16.772]],"c":true},"ix":2},"nm":"Path 12","mn":"ADBE Vector Shape - Group","hd":false},{"ind":12,"ty":"sh","ix":13,"ks":{"a":0,"k":{"i":[[0,0],[14.048,8.408],[0,0],[-18.314,-6.801]],"o":[[-19.174,-7.12],[0,0],[13.262,7.937],[0,0]],"v":[[-201.949,72.355],[-252.016,48.953],[-244.313,36.082],[-196.727,58.293]],"c":true},"ix":2},"nm":"Path 13","mn":"ADBE Vector Shape - Group","hd":false},{"ind":13,"ty":"sh","ix":14,"ks":{"a":0,"k":{"i":[[20.091,-5.687],[0,0],[-13.262,7.147],[0,0]],"o":[[0,0],[19.041,-5.388],[0,0],[-14.223,7.665]],"v":[[204.636,91.19],[200.551,76.756],[249.232,57.863],[256.349,71.068]],"c":true},"ix":2},"nm":"Path 14","mn":"ADBE Vector Shape - Group","hd":false},{"ind":14,"ty":"sh","ix":15,"ks":{"a":0,"k":{"i":[[0,0],[16.257,5.525],[0,0],[-18.188,-4.212]],"o":[[-18.673,-4.324],[0,0],[15.785,5.365],[0,0]],"v":[[-137.808,91.285],[-190.45,76.441],[-185.623,62.24],[-134.424,76.673]],"c":true},"ix":2},"nm":"Path 15","mn":"ADBE Vector Shape - Group","hd":false},{"ind":15,"ty":"sh","ix":16,"ks":{"a":0,"k":{"i":[[0,0],[17.217,3.654],[0,0],[-18.061,-2.454]],"o":[[-18.427,-2.502],[0,0],[16.856,3.578],[0,0]],"v":[[-72.247,103.189],[-125.964,93.91],[-122.85,79.238],[-70.229,88.326]],"c":true},"ix":2},"nm":"Path 16","mn":"ADBE Vector Shape - Group","hd":false},{"ind":16,"ty":"sh","ix":17,"ks":{"a":0,"k":{"i":[[19.15,-2.62],[0,0],[-16.025,3.999],[0,0]],"o":[[0,0],[18.613,-2.547],[0,0],[-16.55,4.129]],"v":[[139.02,104.503],[136.987,89.642],[189.189,79.777],[192.82,94.332]],"c":true},"ix":2},"nm":"Path 17","mn":"ADBE Vector Shape - Group","hd":false},{"ind":17,"ty":"sh","ix":18,"ks":{"a":0,"k":{"i":[[0,0],[0,0],[17.702,2.133],[0,0],[-17.893,-0.999],[0,0]],"o":[[0,0],[-18.225,-1.018],[0,0],[17.385,2.095],[0,0],[0,0]],"v":[[-5.995,109.48],[-6.103,109.475],[-60.24,104.728],[-58.446,89.835],[-5.281,94.496],[-5.185,94.501]],"c":true},"ix":2},"nm":"Path 18","mn":"ADBE Vector Shape - Group","hd":false},{"ind":18,"ty":"sh","ix":19,"ks":{"a":0,"k":{"i":[[18.663,-0.732],[0,0],[-17.032,1.992],[0,0]],"o":[[0,0],[18.28,-0.717],[0,0],[-17.414,2.036]],"v":[[72.608,110.203],[72.02,95.214],[125.236,91.132],[126.978,106.03]],"c":true},"ix":2},"nm":"Path 19","mn":"ADBE Vector Shape - Group","hd":false},{"ind":19,"ty":"sh","ix":20,"ks":{"a":0,"k":{"i":[[6.413,0],[11.766,0.491],[0,0],[-11.403,0],[-6.21,0.148],[0,0]],"o":[[-11.611,0],[0,0],[11.559,0.483],[6.294,0],[0,0],[-6.329,0.15]],"v":[[41.304,110.809],[6.073,110.069],[6.698,95.082],[41.304,95.809],[60.149,95.587],[60.505,110.582]],"c":true},"ix":2},"nm":"Path 20","mn":"ADBE Vector Shape - Group","hd":false},{"ty":"mm","mm":1,"nm":"Merge Paths 1","mn":"ADBE Vector Filter - Merge","hd":false},{"ty":"fl","c":{"a":0,"k":[0.211999990426,0.172999991623,0.458999992819,1],"ix":4},"o":{"a":0,"k":100,"ix":5},"r":1,"bm":0,"nm":"Fill 1","mn":"ADBE Vector Graphic - Fill","hd":false},{"ty":"tr","p":{"a":0,"k":[929.928,461.105],"ix":2},"a":{"a":0,"k":[0,0],"ix":1},"s":{"a":0,"k":[100,100],"ix":3},"r":{"a":0,"k":0,"ix":6},"o":{"a":0,"k":100,"ix":7},"sk":{"a":0,"k":0,"ix":4},"sa":{"a":0,"k":0,"ix":5},"nm":"Transform"}],"nm":"Group 1","np":22,"cix":2,"bm":0,"ix":1,"mn":"ADBE Vector Group","hd":false}],"ip":26.0000010590017,"op":926.000037716753,"st":26.0000010590017,"bm":0},{"ddd":0,"ind":10,"ty":4,"nm":"hombre paraguas Outlines","sr":1,"ks":{"o":{"a":0,"k":100,"ix":11},"r":{"a":0,"k":0,"ix":10},"p":{"a":0,"k":[960,540,0],"ix":2},"a":{"a":0,"k":[960,540,0],"ix":1},"s":{"a":0,"k":[100,100,100],"ix":6}},"ao":0,"shapes":[{"ty":"gr","it":[{"ind":0,"ty":"sh","ix":1,"ks":{"a":0,"k":{"i":[[0,0],[-1,0.1],[1.7,-3.401]],"o":[[1.1,0.2],[4.5,-0.1],[0,0]],"v":[[-6.5,10.05],[2,-13.75],[0.4,13.85]],"c":false},"ix":2},"nm":"Path 1","mn":"ADBE Vector Shape - Group","hd":false},{"ty":"fl","c":{"a":0,"k":[0.847000002394,0.513999968884,0.317999985639,1],"ix":4},"o":{"a":0,"k":100,"ix":5},"r":1,"bm":0,"nm":"Fill 1","mn":"ADBE Vector Graphic - Fill","hd":false},{"ty":"tr","p":{"a":0,"k":[774.6,275.65],"ix":2},"a":{"a":0,"k":[0,0],"ix":1},"s":{"a":0,"k":[100,100],"ix":3},"r":{"a":0,"k":0,"ix":6},"o":{"a":0,"k":100,"ix":7},"sk":{"a":0,"k":0,"ix":4},"sa":{"a":0,"k":0,"ix":5},"nm":"Transform"}],"nm":"Group 1","np":2,"cix":2,"bm":0,"ix":1,"mn":"ADBE Vector Group","hd":false},{"ty":"gr","it":[{"ind":0,"ty":"sh","ix":1,"ks":{"a":0,"k":{"i":[[0,0],[-6,17.8],[0,0],[0,0],[0,0],[0,0]],"o":[[1.8,-19.1],[0,0],[0,0],[0,0],[0,0],[-1.3,-16.3]],"v":[[5.3,19.5],[19.7,-38.4],[-7.3,-53.1],[-19.7,17.7],[-10.3,53.1],[8.2,50]],"c":true},"ix":2},"nm":"Path 1","mn":"ADBE Vector Shape - Group","hd":false},{"ty":"fl","c":{"a":0,"k":[0.847000002394,0.513999968884,0.317999985639,1],"ix":4},"o":{"a":0,"k":100,"ix":5},"r":1,"bm":0,"nm":"Fill 1","mn":"ADBE Vector Graphic - Fill","hd":false},{"ty":"tr","p":{"a":0,"k":[603.4,380],"ix":2},"a":{"a":0,"k":[0,0],"ix":1},"s":{"a":0,"k":[100,100],"ix":3},"r":{"a":0,"k":0,"ix":6},"o":{"a":0,"k":100,"ix":7},"sk":{"a":0,"k":0,"ix":4},"sa":{"a":0,"k":0,"ix":5},"nm":"Transform"}],"nm":"Group 2","np":2,"cix":2,"bm":0,"ix":2,"mn":"ADBE Vector Group","hd":false},{"ty":"gr","it":[{"ind":0,"ty":"sh","ix":1,"ks":{"a":0,"k":{"i":[[0.7,6],[0,0],[0,0],[0,0],[0,0]],"o":[[-1.4,-12.1],[-7.3,-3.4],[0,0],[0,0],[5.9,-17.5]],"v":[[18.35,-7.3],[4.05,-27],[-7.85,-22.5],[-19.05,15.7],[7.95,30.4]],"c":true},"ix":2},"nm":"Path 1","mn":"ADBE Vector Shape - Group","hd":false},{"ty":"fl","c":{"a":0,"k":[0.375999989229,0.816000007181,0.870999983245,1],"ix":4},"o":{"a":0,"k":100,"ix":5},"r":1,"bm":0,"nm":"Fill 1","mn":"ADBE Vector Graphic - Fill","hd":false},{"ty":"tr","p":{"a":0,"k":[615.15,311.3],"ix":2},"a":{"a":0,"k":[0,0],"ix":1},"s":{"a":0,"k":[100,100],"ix":3},"r":{"a":0,"k":0,"ix":6},"o":{"a":0,"k":100,"ix":7},"sk":{"a":0,"k":0,"ix":4},"sa":{"a":0,"k":0,"ix":5},"nm":"Transform"}],"nm":"Group 3","np":2,"cix":2,"bm":0,"ix":3,"mn":"ADBE Vector Group","hd":false},{"ty":"gr","it":[{"ind":0,"ty":"sh","ix":1,"ks":{"a":0,"k":{"i":[[1,3.8],[1.4,17.2],[0,0],[0,0],[-5.2,1.399],[0,0],[-2.2,-2.101],[-6.2,11.5]],"o":[[-0.5,-2],[0,0],[0,0],[0,0],[4.7,-11.801],[0,0],[2.2,2.099],[6.2,-11.5]],"v":[[7.45,-6],[3.95,-43.2],[-14.55,-40.1],[-3.55,-0.2],[-8.15,25.101],[-0.65,16],[-4.45,41.101],[8.35,28.601]],"c":true},"ix":2},"nm":"Path 1","mn":"ADBE Vector Shape - Group","hd":false},{"ty":"fl","c":{"a":0,"k":[0.847000002394,0.513999968884,0.317999985639,1],"ix":4},"o":{"a":0,"k":100,"ix":5},"r":1,"bm":0,"nm":"Fill 1","mn":"ADBE Vector Graphic - Fill","hd":false},{"ty":"tr","p":{"a":0,"k":[607.65,473.3],"ix":2},"a":{"a":0,"k":[0,0],"ix":1},"s":{"a":0,"k":[100,100],"ix":3},"r":{"a":0,"k":0,"ix":6},"o":{"a":0,"k":100,"ix":7},"sk":{"a":0,"k":0,"ix":4},"sa":{"a":0,"k":0,"ix":5},"nm":"Transform"}],"nm":"Group 4","np":2,"cix":2,"bm":0,"ix":4,"mn":"ADBE Vector Group","hd":false},{"ty":"gr","it":[{"ind":0,"ty":"sh","ix":1,"ks":{"a":0,"k":{"i":[[0,0],[0,0],[4.7,0],[0,0],[0,0],[0,0],[-44.3,7.5]],"o":[[0,0],[0,0],[-4.7,0],[0,0],[0,0],[0,0],[0,0]],"v":[[55.65,60.949],[8.25,60.949],[-4.95,-19.051],[-5.95,55.551],[-55.65,45.449],[-49.95,-60.949],[47.95,-54.75]],"c":true},"ix":2},"nm":"Path 1","mn":"ADBE Vector Shape - Group","hd":false},{"ty":"fl","c":{"a":0,"k":[0.475,0.819999964097,0.365000017952,1],"ix":4},"o":{"a":0,"k":100,"ix":5},"r":1,"bm":0,"nm":"Fill 1","mn":"ADBE Vector Graphic - Fill","hd":false},{"ty":"tr","p":{"a":0,"k":[659.25,491.15],"ix":2},"a":{"a":0,"k":[0,0],"ix":1},"s":{"a":0,"k":[100,100],"ix":3},"r":{"a":0,"k":0,"ix":6},"o":{"a":0,"k":100,"ix":7},"sk":{"a":0,"k":0,"ix":4},"sa":{"a":0,"k":0,"ix":5},"nm":"Transform"}],"nm":"Group 5","np":2,"cix":2,"bm":0,"ix":5,"mn":"ADBE Vector Group","hd":false},{"ty":"gr","it":[{"ind":0,"ty":"sh","ix":1,"ks":{"a":0,"k":{"i":[[-4.5,6.3],[-1.2,4.9],[-1.8,2.5],[4.2,4.2],[14.5,-16.4],[8.7,-17.9],[-13.8,-5.5],[-0.2,5.5],[-2.5,-0.5]],"o":[[0,0],[1.2,-4.9],[1.8,-2.5],[-4.2,-4.2],[-14.5,16.4],[-8.7,17.9],[13.8,5.5],[0.1,-5.6],[2.3,0.6]],"v":[[4.7,16.2],[1.8,5.9],[28,-13.9],[28.4,-29.2],[2.1,-25.2],[-23.9,-0.9],[-8,36.1],[-12.3,21.5],[-6.7,15]],"c":true},"ix":2},"nm":"Path 1","mn":"ADBE Vector Shape - Group","hd":false},{"ty":"fl","c":{"a":0,"k":[0.090000002992,0.187999994615,0.322000002394,1],"ix":4},"o":{"a":0,"k":100,"ix":5},"r":1,"bm":0,"nm":"Fill 1","mn":"ADBE Vector Graphic - Fill","hd":false},{"ty":"tr","p":{"a":0,"k":[641,217.8],"ix":2},"a":{"a":0,"k":[0,0],"ix":1},"s":{"a":0,"k":[100,100],"ix":3},"r":{"a":0,"k":0,"ix":6},"o":{"a":0,"k":100,"ix":7},"sk":{"a":0,"k":0,"ix":4},"sa":{"a":0,"k":0,"ix":5},"nm":"Transform"}],"nm":"Group 6","np":2,"cix":2,"bm":0,"ix":6,"mn":"ADBE Vector Group","hd":false},{"ty":"gr","it":[{"ind":0,"ty":"sh","ix":1,"ks":{"a":0,"k":{"i":[[0,0],[-1,4],[-0.8,13.4],[16.5,8.2],[-5.1,-12.6],[1.5,-13],[0,0],[-18.7,-0.601]],"o":[[0,0],[1,-4],[0.8,-13.4],[-16.6,-8.2],[5.1,12.6],[-1.5,13],[0,0],[13.8,0.5]],"v":[[16.9,34.45],[11.9,31.35],[28.3,4.75],[9.2,-39.25],[-24,-4.35],[-9.2,22.95],[-25.7,38.849],[-0.2,46.95]],"c":true},"ix":2},"nm":"Path 1","mn":"ADBE Vector Shape - Group","hd":false},{"ty":"fl","c":{"a":0,"k":[0.847000002394,0.513999968884,0.317999985639,1],"ix":4},"o":{"a":0,"k":100,"ix":5},"r":1,"bm":0,"nm":"Fill 1","mn":"ADBE Vector Graphic - Fill","hd":false},{"ty":"tr","p":{"a":0,"k":[649.8,244.05],"ix":2},"a":{"a":0,"k":[0,0],"ix":1},"s":{"a":0,"k":[100,100],"ix":3},"r":{"a":0,"k":0,"ix":6},"o":{"a":0,"k":100,"ix":7},"sk":{"a":0,"k":0,"ix":4},"sa":{"a":0,"k":0,"ix":5},"nm":"Transform"}],"nm":"Group 7","np":2,"cix":2,"bm":0,"ix":7,"mn":"ADBE Vector Group","hd":false},{"ty":"gr","it":[{"ind":0,"ty":"sh","ix":1,"ks":{"a":0,"k":{"i":[[0,0],[8.5,-28.3],[2.3,-37.2],[0,0],[0,0],[-14.7,38.801],[0,0]],"o":[[0,0],[-8.5,28.301],[0,0],[0,0],[0,0],[14.7,-38.8],[0,0]],"v":[[29.85,-81.65],[20.95,-41.451],[-10.45,76.651],[13.25,89.549],[-25.15,89.549],[-15.15,-20.451],[-6.65,-89.549]],"c":true},"ix":2},"nm":"Path 1","mn":"ADBE Vector Shape - Group","hd":false},{"ty":"fl","c":{"a":0,"k":[0.847000002394,0.513999968884,0.317999985639,1],"ix":4},"o":{"a":0,"k":100,"ix":5},"r":1,"bm":0,"nm":"Fill 1","mn":"ADBE Vector Graphic - Fill","hd":false},{"ty":"tr","p":{"a":0,"k":[618.65,625.55],"ix":2},"a":{"a":0,"k":[0,0],"ix":1},"s":{"a":0,"k":[100,100],"ix":3},"r":{"a":0,"k":0,"ix":6},"o":{"a":0,"k":100,"ix":7},"sk":{"a":0,"k":0,"ix":4},"sa":{"a":0,"k":0,"ix":5},"nm":"Transform"}],"nm":"Group 8","np":2,"cix":2,"bm":0,"ix":8,"mn":"ADBE Vector Group","hd":false},{"ty":"gr","it":[{"ind":0,"ty":"sh","ix":1,"ks":{"a":0,"k":{"i":[[0,0],[4.7,-27.2],[-2.4,-35.7],[0,0],[0,0],[-9.3,37.3],[0,0],[0,0]],"o":[[0,0],[-4.7,27.2],[0,0],[0,0],[0,0],[9.3,-37.3],[0,0],[0,0]],"v":[[13.85,-84.2],[13.85,-41.5],[-1.65,71.9],[23.35,84.3],[-14.05,84.3],[-14.05,-19.8],[-18.15,-84.3],[13.85,-84.3]],"c":true},"ix":2},"nm":"Path 1","mn":"ADBE Vector Shape - Group","hd":false},{"ty":"fl","c":{"a":0,"k":[0.847000002394,0.513999968884,0.317999985639,1],"ix":4},"o":{"a":0,"k":100,"ix":5},"r":1,"bm":0,"nm":"Fill 1","mn":"ADBE Vector Graphic - Fill","hd":false},{"ty":"tr","p":{"a":0,"k":[693.25,630.8],"ix":2},"a":{"a":0,"k":[0,0],"ix":1},"s":{"a":0,"k":[100,100],"ix":3},"r":{"a":0,"k":0,"ix":6},"o":{"a":0,"k":100,"ix":7},"sk":{"a":0,"k":0,"ix":4},"sa":{"a":0,"k":0,"ix":5},"nm":"Transform"}],"nm":"Group 9","np":2,"cix":2,"bm":0,"ix":9,"mn":"ADBE Vector Group","hd":false},{"ty":"gr","it":[{"ind":0,"ty":"sh","ix":1,"ks":{"a":0,"k":{"i":[[0,0],[25.6,2.3],[0,0],[10.9,24.9],[-29.5,6.2],[-19.1,0.7],[0,0],[-8.6,-83.6]],"o":[[0,0],[-25.6,-2.3],[0,0],[-10.9,-24.9],[0,0],[10.9,-0.4],[0,0],[8.6,83.6]],"v":[[56.7,76.6],[10.1,80.5],[-41.2,70.4],[-41.2,9],[-27.2,-76.6],[0.4,-68.8],[15.5,-81],[45.1,0]],"c":true},"ix":2},"nm":"Path 1","mn":"ADBE Vector Shape - Group","hd":false},{"ty":"fl","c":{"a":0,"k":[0.375999989229,0.816000007181,0.870999983245,1],"ix":4},"o":{"a":0,"k":100,"ix":5},"r":1,"bm":0,"nm":"Fill 1","mn":"ADBE Vector Graphic - Fill","hd":false},{"ty":"tr","p":{"a":0,"k":[650.4,359.7],"ix":2},"a":{"a":0,"k":[0,0],"ix":1},"s":{"a":0,"k":[100,100],"ix":3},"r":{"a":0,"k":0,"ix":6},"o":{"a":0,"k":100,"ix":7},"sk":{"a":0,"k":0,"ix":4},"sa":{"a":0,"k":0,"ix":5},"nm":"Transform"}],"nm":"Group 10","np":2,"cix":2,"bm":0,"ix":10,"mn":"ADBE Vector Group","hd":false},{"ty":"gr","it":[{"ind":0,"ty":"sh","ix":1,"ks":{"a":0,"k":{"i":[[0.8,-0.2],[6.4,-5.8],[9,-19.6],[0,0],[0,0],[-2.3,3.4],[0,5.7],[0.1,1]],"o":[[-6.4,1.7],[-3.4,3.1],[0,0],[4.7,-19.2],[0,0],[1.3,-2],[0,-1.1],[-0.4,-4.6]],"v":[[20.25,-32.65],[0.05,-19.65],[-22.55,24.35],[-3.75,33.75],[3.95,-1.65],[20.05,-6.45],[22.55,-25.15],[22.35,-29.15]],"c":true},"ix":2},"nm":"Path 1","mn":"ADBE Vector Shape - Group","hd":false},{"ty":"fl","c":{"a":0,"k":[0.847000002394,0.513999968884,0.317999985639,1],"ix":4},"o":{"a":0,"k":100,"ix":5},"r":1,"bm":0,"nm":"Fill 1","mn":"ADBE Vector Graphic - Fill","hd":false},{"ty":"tr","p":{"a":0,"k":[769.85,303.05],"ix":2},"a":{"a":0,"k":[0,0],"ix":1},"s":{"a":0,"k":[100,100],"ix":3},"r":{"a":0,"k":0,"ix":6},"o":{"a":0,"k":100,"ix":7},"sk":{"a":0,"k":0,"ix":4},"sa":{"a":0,"k":0,"ix":5},"nm":"Transform"}],"nm":"Group 11","np":2,"cix":2,"bm":0,"ix":11,"mn":"ADBE Vector Group","hd":false},{"ty":"gr","it":[{"ind":0,"ty":"sh","ix":1,"ks":{"a":0,"k":{"i":[[0,0],[0,0],[0,0],[0,0],[-17,-5.8],[-6.8,28.2]],"o":[[-8.1,17.7],[0,0],[0,0],[18.8,26.4],[9.7,2.1],[0,0]],"v":[[25.85,-31.3],[10.65,2.6],[-17.75,-40.8],[-44.55,-21.1],[17.55,38.7],[44.55,-21.8]],"c":true},"ix":2},"nm":"Path 1","mn":"ADBE Vector Shape - Group","hd":false},{"ty":"fl","c":{"a":0,"k":[0.847000002394,0.513999968884,0.317999985639,1],"ix":4},"o":{"a":0,"k":100,"ix":5},"r":1,"bm":0,"nm":"Fill 1","mn":"ADBE Vector Graphic - Fill","hd":false},{"ty":"tr","p":{"a":0,"k":[721.35,358.8],"ix":2},"a":{"a":0,"k":[0,0],"ix":1},"s":{"a":0,"k":[100,100],"ix":3},"r":{"a":0,"k":0,"ix":6},"o":{"a":0,"k":100,"ix":7},"sk":{"a":0,"k":0,"ix":4},"sa":{"a":0,"k":0,"ix":5},"nm":"Transform"}],"nm":"Group 12","np":2,"cix":2,"bm":0,"ix":12,"mn":"ADBE Vector Group","hd":false},{"ty":"gr","it":[{"ind":0,"ty":"sh","ix":1,"ks":{"a":0,"k":{"i":[[0,0],[5.8,3],[7.2,-16.9],[-15.2,-21.301],[0,0]],"o":[[0,0],[0,0],[-3.2,7.5],[0,0],[0,0]],"v":[[7.45,-15.001],[-2.65,-23.7],[-22.95,-16.2],[-0.65,33.1],[26.15,13.4]],"c":true},"ix":2},"nm":"Path 1","mn":"ADBE Vector Shape - Group","hd":false},{"ty":"fl","c":{"a":0,"k":[0.375999989229,0.816000007181,0.870999983245,1],"ix":4},"o":{"a":0,"k":100,"ix":5},"r":1,"bm":0,"nm":"Fill 1","mn":"ADBE Vector Graphic - Fill","hd":false},{"ty":"tr","p":{"a":0,"k":[677.65,304.6],"ix":2},"a":{"a":0,"k":[0,0],"ix":1},"s":{"a":0,"k":[100,100],"ix":3},"r":{"a":0,"k":0,"ix":6},"o":{"a":0,"k":100,"ix":7},"sk":{"a":0,"k":0,"ix":4},"sa":{"a":0,"k":0,"ix":5},"nm":"Transform"}],"nm":"Group 13","np":2,"cix":2,"bm":0,"ix":13,"mn":"ADBE Vector Group","hd":false},{"ty":"gr","it":[{"ind":0,"ty":"sh","ix":1,"ks":{"a":0,"k":{"i":[[-111.341,0],[0,-7.953],[111.341,0],[0,7.954]],"o":[[111.341,0],[0,7.954],[-111.341,0],[0,-7.953]],"v":[[0,-14.401],[201.6,0],[0,14.401],[-201.6,0]],"c":true},"ix":2},"nm":"Path 1","mn":"ADBE Vector Shape - Group","hd":false},{"ty":"fl","c":{"a":0,"k":[0.948999980852,0.948999980852,0.948999980852,1],"ix":4},"o":{"a":0,"k":100,"ix":5},"r":1,"bm":0,"nm":"Fill 1","mn":"ADBE Vector Graphic - Fill","hd":false},{"ty":"tr","p":{"a":0,"k":[661.5,713.5],"ix":2},"a":{"a":0,"k":[0,0],"ix":1},"s":{"a":0,"k":[100,100],"ix":3},"r":{"a":0,"k":0,"ix":6},"o":{"a":0,"k":100,"ix":7},"sk":{"a":0,"k":0,"ix":4},"sa":{"a":0,"k":0,"ix":5},"nm":"Transform"}],"nm":"Group 14","np":2,"cix":2,"bm":0,"ix":14,"mn":"ADBE Vector Group","hd":false},{"ty":"gr","it":[{"ind":0,"ty":"sh","ix":1,"ks":{"a":0,"k":{"i":[[0,0],[12.8,1.099],[0,0],[15.2,3.4],[0,0],[12.9,1.7],[0,0],[15.7,3.3],[0,0],[11.9,1.3],[2.1,-5.1],[-115.3,-18.199]],"o":[[0,0],[-12.8,-1.1],[0,0],[-15.2,-3.4],[0,0],[-12.9,-1.7],[0,0],[-15.7,-3.3],[0,0],[-11.9,-1.4],[0,0],[115.2,18]],"v":[[115.55,81.15],[93.65,62.45],[65.15,70.45],[46.95,54.25],[17.35,62.65],[-3.45,45.45],[-31.45,53.35],[-53.25,36.95],[-81.25,44.85],[-101.75,27.85],[-129.75,35.75],[14.55,-62.951]],"c":true},"ix":2},"nm":"Path 1","mn":"ADBE Vector Shape - Group","hd":false},{"ty":"fl","c":{"a":0,"k":[0.093999997307,0.430999995213,0.57599995931,1],"ix":4},"o":{"a":0,"k":100,"ix":5},"r":1,"bm":0,"nm":"Fill 1","mn":"ADBE Vector Graphic - Fill","hd":false},{"ty":"tr","p":{"a":0,"k":[799.25,150.05],"ix":2},"a":{"a":0,"k":[0,0],"ix":1},"s":{"a":0,"k":[100,100],"ix":3},"r":{"a":0,"k":0,"ix":6},"o":{"a":0,"k":100,"ix":7},"sk":{"a":0,"k":0,"ix":4},"sa":{"a":0,"k":0,"ix":5},"nm":"Transform"}],"nm":"Group 15","np":2,"cix":2,"bm":0,"ix":15,"mn":"ADBE Vector Group","hd":false},{"ty":"gr","it":[{"ind":0,"ty":"sh","ix":1,"ks":{"a":0,"k":{"i":[[0,0],[0,0],[-12.8,-2],[0,0],[0,0]],"o":[[0,0],[0,0],[12.8,1.9],[0,0],[0,0]],"v":[[21.65,-125.1],[-21.65,105.1],[-8.65,123.2],[9.05,113.1],[12.05,95.7]],"c":false},"ix":2},"nm":"Path 1","mn":"ADBE Vector Shape - Group","hd":false},{"ty":"st","c":{"a":0,"k":[0,0.184000007779,0.477999997606,1],"ix":3},"o":{"a":0,"k":100,"ix":4},"w":{"a":0,"k":4,"ix":5},"lc":2,"lj":2,"bm":0,"nm":"Stroke 1","mn":"ADBE Vector Graphic - Stroke","hd":false},{"ty":"tr","p":{"a":0,"k":[794.95,199.9],"ix":2},"a":{"a":0,"k":[0,0],"ix":1},"s":{"a":0,"k":[100,100],"ix":3},"r":{"a":0,"k":0,"ix":6},"o":{"a":0,"k":100,"ix":7},"sk":{"a":0,"k":0,"ix":4},"sa":{"a":0,"k":0,"ix":5},"nm":"Transform"}],"nm":"Group 16","np":2,"cix":2,"bm":0,"ix":16,"mn":"ADBE Vector Group","hd":false}],"ip":26.0000010590017,"op":926.000037716753,"st":26.0000010590017,"bm":0},{"ddd":0,"ind":11,"ty":4,"nm":"dl2 Outlines","sr":1,"ks":{"o":{"a":0,"k":100,"ix":11},"r":{"a":0,"k":0,"ix":10},"p":{"a":0,"k":[960,540,0],"ix":2},"a":{"a":0,"k":[960,540,0],"ix":1},"s":{"a":0,"k":[100,100,100],"ix":6}},"ao":0,"shapes":[{"ty":"gr","it":[{"ind":0,"ty":"sh","ix":1,"ks":{"a":0,"k":{"i":[[-18.999,0],[0,-12.261],[18.999,0],[0,12.26]],"o":[[18.999,0],[0,12.26],[-18.999,0],[0,-12.261]],"v":[[0,-22.2],[34.4,0],[0,22.2],[-34.4,0]],"c":true},"ix":2},"nm":"Path 1","mn":"ADBE Vector Shape - Group","hd":false},{"ty":"fl","c":{"a":0,"k":[0.948999980852,0.948999980852,0.948999980852,1],"ix":4},"o":{"a":0,"k":100,"ix":5},"r":1,"bm":0,"nm":"Fill 1","mn":"ADBE Vector Graphic - Fill","hd":false},{"ty":"tr","p":{"a":0,"k":[483.2,220.6],"ix":2},"a":{"a":0,"k":[0,0],"ix":1},"s":{"a":0,"k":[100,100],"ix":3},"r":{"a":0,"k":0,"ix":6},"o":{"a":0,"k":100,"ix":7},"sk":{"a":0,"k":0,"ix":4},"sa":{"a":0,"k":0,"ix":5},"nm":"Transform"}],"nm":"Group 1","np":2,"cix":2,"bm":0,"ix":1,"mn":"ADBE Vector Group","hd":false}],"ip":26.0000010590017,"op":926.000037716753,"st":26.0000010590017,"bm":0},{"ddd":0,"ind":12,"ty":4,"nm":"dl1 Outlines","sr":1,"ks":{"o":{"a":0,"k":100,"ix":11},"r":{"a":0,"k":0,"ix":10},"p":{"a":0,"k":[960,540,0],"ix":2},"a":{"a":0,"k":[960,540,0],"ix":1},"s":{"a":0,"k":[100,100,100],"ix":6}},"ao":0,"shapes":[{"ty":"gr","it":[{"ind":0,"ty":"sh","ix":1,"ks":{"a":0,"k":{"i":[[-11.929,0],[0,-9.057],[11.929,0],[0,9.058]],"o":[[11.929,0],[0,9.058],[-11.929,0],[0,-9.057]],"v":[[0,-16.4],[21.6,-0.001],[0,16.4],[-21.6,-0.001]],"c":true},"ix":2},"nm":"Path 1","mn":"ADBE Vector Shape - Group","hd":false},{"ty":"fl","c":{"a":0,"k":[0.948999980852,0.948999980852,0.948999980852,1],"ix":4},"o":{"a":0,"k":100,"ix":5},"r":1,"bm":0,"nm":"Fill 1","mn":"ADBE Vector Graphic - Fill","hd":false},{"ty":"tr","p":{"a":0,"k":[562.1,220.6],"ix":2},"a":{"a":0,"k":[0,0],"ix":1},"s":{"a":0,"k":[100,100],"ix":3},"r":{"a":0,"k":0,"ix":6},"o":{"a":0,"k":100,"ix":7},"sk":{"a":0,"k":0,"ix":4},"sa":{"a":0,"k":0,"ix":5},"nm":"Transform"}],"nm":"Group 1","np":2,"cix":2,"bm":0,"ix":1,"mn":"ADBE Vector Group","hd":false}],"ip":26.0000010590017,"op":926.000037716753,"st":26.0000010590017,"bm":0},{"ddd":0,"ind":13,"ty":4,"nm":"mujer libros Outlines","sr":1,"ks":{"o":{"a":0,"k":100,"ix":11},"r":{"a":0,"k":0,"ix":10},"p":{"a":0,"k":[960,540,0],"ix":2},"a":{"a":0,"k":[960,540,0],"ix":1},"s":{"a":0,"k":[100,100,100],"ix":6}},"ao":0,"shapes":[{"ty":"gr","it":[{"ind":0,"ty":"sh","ix":1,"ks":{"a":0,"k":{"i":[[-0.1,-5.8],[1.4,-5.1],[1.2,-1.3],[1.4,-0.7],[23.1,1.8],[2.4,-2.6],[0.6,-1.3],[3,-1.9],[2.7,2.3],[-1.2,3.7],[-5.8,3],[-6.4,1.3],[-17.4,3.7],[0.7,6.3],[0,0]],"o":[[0.1,5.3],[-0.5,1.7],[-1.1,1.2],[-21.1,9.7],[-3.5,-0.3],[-1,1.1],[-1.5,3.2],[-3,1.8],[-3,-2.5],[1.9,-6.2],[5.8,-3],[17.4,-3.7],[-0.7,-6.3],[0,0],[0.2,5.9]],"v":[[53.95,-14.65],[52.65,1.25],[50.35,5.95],[46.35,8.55],[-22.05,15.85],[-32.05,18.05],[-34.25,21.85],[-40.75,30.05],[-50.65,29.85],[-52.85,19.05],[-39.95,4.95],[-21.25,-0.75],[30.95,-11.75],[28.85,-30.65],[53.35,-32.15]],"c":true},"ix":2},"nm":"Path 1","mn":"ADBE Vector Shape - Group","hd":false},{"ty":"fl","c":{"a":0,"k":[1,0.788000009574,0.834999952129,1],"ix":4},"o":{"a":0,"k":100,"ix":5},"r":1,"bm":0,"nm":"Fill 1","mn":"ADBE Vector Graphic - Fill","hd":false},{"ty":"tr","p":{"a":0,"k":[1234.05,377.65],"ix":2},"a":{"a":0,"k":[0,0],"ix":1},"s":{"a":0,"k":[100,100],"ix":3},"r":{"a":0,"k":0,"ix":6},"o":{"a":0,"k":100,"ix":7},"sk":{"a":0,"k":0,"ix":4},"sa":{"a":0,"k":0,"ix":5},"nm":"Transform"}],"nm":"Group 1","np":2,"cix":2,"bm":0,"ix":1,"mn":"ADBE Vector Group","hd":false},{"ty":"gr","it":[{"ind":0,"ty":"sh","ix":1,"ks":{"a":0,"k":{"i":[[0,0],[0,0],[0,0],[0,0],[-0.3,0.3],[0,0]],"o":[[0,0],[0,0],[0,0],[0.401,0],[0,0],[0,0]],"v":[[50.7,-3.901],[15.301,26.201],[15.301,15],[15.6,15],[16.7,14.599],[50.7,-14.5]],"c":true},"ix":2},"nm":"Path 1","mn":"ADBE Vector Shape - Group","hd":false},{"ind":1,"ty":"sh","ix":2,"ks":{"a":0,"k":{"i":[[0,0],[0,0],[0,0],[0,0],[-0.3,0.3],[0,0],[0,0],[0,0],[-0.3,0.299],[0,0]],"o":[[0,0],[0,0],[0,0],[0.399,0],[0,0],[0,0],[0,0],[0.401,0],[0,0],[0,0]],"v":[[46.9,12.5],[11.501,42.599],[11.501,31.4],[11.801,31.4],[12.9,31],[14.801,29.4],[15.6,29.599],[15.9,29.599],[17.001,29.201],[46.9,3.599]],"c":true},"ix":2},"nm":"Path 2","mn":"ADBE Vector Shape - Group","hd":false},{"ind":2,"ty":"sh","ix":3,"ks":{"a":0,"k":{"i":[[0,0],[0,0],[0,0],[0,0],[0,0],[-0.301,0.3],[0,0],[0,0],[0,0]],"o":[[0,0],[0,0],[0,0],[0,0],[0.401,0],[0,0],[0,0],[0,0],[0,0]],"v":[[-43.3,14],[-43.3,4.4],[7.001,15],[9.1,15.4],[9.4,15.4],[10.501,15],[11.4,14.2],[12.001,14.299],[12.001,25.5]],"c":true},"ix":2},"nm":"Path 3","mn":"ADBE Vector Shape - Group","hd":false},{"ind":3,"ty":"sh","ix":4,"ks":{"a":0,"k":{"i":[[0,0],[0,0],[0,0],[0,0]],"o":[[0,0],[0,0],[0,0],[0,0]],"v":[[-47.199,30.299],[-47.199,19.099],[8.2,30.701],[8.2,41.9]],"c":true},"ix":2},"nm":"Path 4","mn":"ADBE Vector Shape - Group","hd":false},{"ind":4,"ty":"sh","ix":5,"ks":{"a":0,"k":{"i":[[0,0],[0,0],[0,0],[0,0]],"o":[[0,0],[0,0],[0,0],[0,0]],"v":[[-49.699,-11.5],[5.7,0.099],[5.7,11.299],[-49.699,-0.3]],"c":true},"ix":2},"nm":"Path 5","mn":"ADBE Vector Shape - Group","hd":false},{"ind":5,"ty":"sh","ix":6,"ks":{"a":0,"k":{"i":[[-0.1,0],[-0.3,0.3],[0,0],[0,0],[0,0],[0,0]],"o":[[0.4,0],[0,0],[0,0],[0,0],[0,0],[0.101,0.099]],"v":[[9.2,0.799],[10.301,0.4],[44.2,-28.6],[44.2,-18.1],[8.9,11.9],[8.9,0.701]],"c":true},"ix":2},"nm":"Path 6","mn":"ADBE Vector Shape - Group","hd":false},{"ind":6,"ty":"sh","ix":7,"ks":{"a":0,"k":{"i":[[0.199,0.6],[0.7,0.1],[0,0],[0,0],[0,0],[0.201,0.6],[0.599,0.1],[0,0],[0,0],[0,0],[0,0],[0.2,0.599],[0.601,0.1],[0,0],[0.3,-0.301],[0,0],[0,-5.7],[-0.2,-0.101],[0,0],[0,-0.099],[0,-0.101],[0,0],[0,0],[0,0],[0,0],[0,-1.8],[-1,-1.5],[0,0],[0,-5.699],[-0.2,-0.101],[-0.2,-0.099],[0,0],[0,0],[0,0],[-0.3,0.299],[0,0],[0.2,0.6],[0.7,0.1],[0,0],[0,0],[0,0]],"o":[[-0.2,-0.6],[0,0],[0,0],[0,0],[0.5,-0.4],[-0.2,-0.6],[0,0],[0,0],[0,0],[0,0],[0.5,-0.4],[-0.199,-0.601],[0,0],[-0.4,-0.1],[0,0],[-0.8,0.5],[0.1,6.2],[0,0],[0,0],[0,0],[0,0],[0,0],[0,0],[0,0],[-0.4,1.099],[0,3.1],[0,0],[-0.8,0.5],[0.1,6.2],[0.1,0.1],[0,0],[0,0],[0,0],[0.4,0],[0,0],[0.5,-0.4],[-0.2,-0.6],[0,0],[0,0],[0,0],[0.7,-0.001]],"v":[[56.001,-5.201],[54.7,-6.401],[53.9,-6.6],[53.9,-17.1],[55.1,-18.201],[55.6,-19.901],[54.301,-21.1],[47.4,-22.401],[47.4,-31.299],[47.4,-31.5],[48.7,-32.6],[49.2,-34.299],[47.9,-35.5],[-7.9,-45.6],[-9.1,-45.299],[-52.4,-15.1],[-56.2,-6.901],[-52.3,2.201],[-52.2,2.201],[-52.1,2.299],[-52,2.401],[-51.9,2.401],[-51.8,2.401],[-51.7,2.401],[-49.1,2.901],[-49.8,7.201],[-47.9,14],[-49.9,15.401],[-53.7,23.599],[-49.8,32.701],[-49.2,33],[9.4,45.301],[11.5,45.701],[11.8,45.701],[12.9,45.301],[51.4,12.401],[51.9,10.701],[50.6,9.5],[49.9,9.401],[49.9,0.5],[55.2,-4]],"c":true},"ix":2},"nm":"Path 7","mn":"ADBE Vector Shape - Group","hd":false},{"ty":"mm","mm":1,"nm":"Merge Paths 1","mn":"ADBE Vector Filter - Merge","hd":false},{"ty":"fl","c":{"a":0,"k":[0.851000019148,0.513999968884,0.313999998803,1],"ix":4},"o":{"a":0,"k":100,"ix":5},"r":1,"bm":0,"nm":"Fill 1","mn":"ADBE Vector Graphic - Fill","hd":false},{"ty":"tr","p":{"a":0,"k":[1155.4,365.2],"ix":2},"a":{"a":0,"k":[0,0],"ix":1},"s":{"a":0,"k":[100,100],"ix":3},"r":{"a":0,"k":0,"ix":6},"o":{"a":0,"k":100,"ix":7},"sk":{"a":0,"k":0,"ix":4},"sa":{"a":0,"k":0,"ix":5},"nm":"Transform"}],"nm":"Group 2","np":9,"cix":2,"bm":0,"ix":2,"mn":"ADBE Vector Group","hd":false},{"ty":"gr","it":[{"ind":0,"ty":"sh","ix":1,"ks":{"a":0,"k":{"i":[[0.199,0.6],[0.7,0.1],[0,0],[0,0],[0,0],[0.2,0.6],[0.599,0.1],[0,0],[0,0],[0,0],[0,0],[0.2,0.6],[0.601,0.1],[0,0],[0.3,-0.3],[0,0],[0,-5.7],[-0.2,-0.1],[0,0],[0,-0.1],[0,-0.101],[0,0],[0,0],[0,0],[0,0],[0,-1.799],[-1,-1.5],[0,0],[0,-5.699],[-0.2,-0.1],[-0.199,-0.099],[0,0],[0,0],[0,0],[-0.299,0.3],[0,0],[0.201,0.6],[0.699,0.1],[0,0],[0,0],[0,0]],"o":[[-0.2,-0.6],[0,0],[0,0],[0,0],[0.5,-0.4],[-0.201,-0.6],[0,0],[0,0],[0,0],[0,0],[0.5,-0.4],[-0.199,-0.6],[0,0],[-0.401,-0.1],[0,0],[-0.801,0.5],[0.1,6.2],[0,0],[0,0],[0,0],[0,0],[0,0],[0,0],[0,0],[-0.4,1.099],[0,3.1],[0,0],[-0.801,0.5],[0.1,6.2],[0.1,0.1],[0,0],[0,0],[0,0],[0.4,0],[0,0],[0.5,-0.4],[-0.2,-0.599],[0,0],[0,0],[0,0],[0.7,-0.001]],"v":[[56.001,-5.2],[54.7,-6.4],[53.9,-6.6],[53.9,-17.1],[55.101,-18.2],[55.601,-19.9],[54.301,-21.1],[47.4,-22.4],[47.4,-31.3],[47.4,-31.5],[48.7,-32.6],[49.2,-34.3],[47.9,-35.5],[-7.899,-45.6],[-9.1,-45.3],[-52.399,-15.1],[-56.2,-6.9],[-52.3,2.2],[-52.2,2.2],[-52.1,2.3],[-52,2.401],[-51.899,2.401],[-51.8,2.401],[-51.7,2.401],[-49.1,2.901],[-49.8,7.2],[-47.899,14],[-49.899,15.401],[-53.7,23.6],[-49.8,32.7],[-49.2,33],[9.4,45.3],[11.5,45.7],[11.8,45.7],[12.9,45.3],[51.4,12.401],[51.9,10.7],[50.601,9.501],[49.9,9.401],[49.9,0.501],[55.2,-3.999]],"c":true},"ix":2},"nm":"Path 1","mn":"ADBE Vector Shape - Group","hd":false},{"ty":"fl","c":{"a":0,"k":[1,1,1,1],"ix":4},"o":{"a":0,"k":100,"ix":5},"r":1,"bm":0,"nm":"Fill 1","mn":"ADBE Vector Graphic - Fill","hd":false},{"ty":"tr","p":{"a":0,"k":[1155.399,365.2],"ix":2},"a":{"a":0,"k":[0,0],"ix":1},"s":{"a":0,"k":[100,100],"ix":3},"r":{"a":0,"k":0,"ix":6},"o":{"a":0,"k":100,"ix":7},"sk":{"a":0,"k":0,"ix":4},"sa":{"a":0,"k":0,"ix":5},"nm":"Transform"}],"nm":"Group 3","np":2,"cix":2,"bm":0,"ix":3,"mn":"ADBE Vector Group","hd":false},{"ty":"gr","it":[{"ind":0,"ty":"sh","ix":1,"ks":{"a":0,"k":{"i":[[10.601,-1],[22.9,8.6],[-6.1,50.9],[0.599,4.899],[1.799,9.299],[-5.9,7.3],[-18.801,-7.701],[-1,-1.5],[0,-1.699],[0.8,-14.601],[-5.699,-24.799],[-0.901,-9.1],[3.4,-13.6]],"o":[[-24.399,2.2],[1.201,-51.2],[0.601,-4.8],[-1.201,-9.4],[-1.801,-9.1],[20.2,-2.7],[1.599,0.7],[0.9,1.3],[0.201,14.601],[-1.2,25.399],[2,9],[1.299,13.8],[-2.7,11.3]],"v":[[22.6,109.55],[-50,105.25],[-37.4,-43.35],[-36.799,-57.95],[-45.799,-84.85],[-39.2,-111.15],[20.701,-103.35],[25,-100.45],[26,-95.751],[18.5,-52.65],[42.4,24.449],[46.201,51.75],[46.6,95.25]],"c":true},"ix":2},"nm":"Path 1","mn":"ADBE Vector Shape - Group","hd":false},{"ty":"fl","c":{"a":0,"k":[1,0.722000002394,0.298000021542,1],"ix":4},"o":{"a":0,"k":100,"ix":5},"r":1,"bm":0,"nm":"Fill 1","mn":"ADBE Vector Graphic - Fill","hd":false},{"ty":"tr","p":{"a":0,"k":[1239.2,422.65],"ix":2},"a":{"a":0,"k":[0,0],"ix":1},"s":{"a":0,"k":[100,100],"ix":3},"r":{"a":0,"k":0,"ix":6},"o":{"a":0,"k":100,"ix":7},"sk":{"a":0,"k":0,"ix":4},"sa":{"a":0,"k":0,"ix":5},"nm":"Transform"}],"nm":"Group 4","np":2,"cix":2,"bm":0,"ix":4,"mn":"ADBE Vector Group","hd":false},{"ty":"gr","it":[{"ind":0,"ty":"sh","ix":1,"ks":{"a":0,"k":{"i":[[-7.2,-7.8],[1.399,-9.1],[-1.3,-3.6],[0.7,-7],[2.8,-2.8],[4.599,-4],[5.2,3.2],[-1.3,5.8],[-1.4,5.7],[4.8,3.5],[1.5,0.8],[-0.799,8.1],[-9.2,-15],[-1.6,-7.5],[5.3,0.5],[-0.899,6],[-0.7,3],[0.7,12.2],[-8.299,4.1],[-9.2,3]],"o":[[6.2,6.7],[-0.601,3.8],[2.5,6.5],[-0.401,4],[-4.301,4.3],[-4.601,4],[-5,-3.1],[1.3,-5.8],[1.401,-5.8],[-1.401,-1],[-7.099,-3.9],[-13.599,11.2],[4,6.5],[-5.199,-1.2],[-6.099,-0.5],[0.4,-3],[3,-11.9],[-0.5,-9.2],[10,-4.9],[8.599,-2.9]],"v":[[25.35,-38.3],[30.651,-12.3],[30.55,-0.8],[41.451,16.5],[34.651,26],[22.651,39.7],[5.951,42.9],[1.05,27],[6.75,10.2],[2.651,-6],[-1.95,-8.5],[-12.75,-28.8],[-20.849,18.9],[-9.15,38.4],[-24.95,40.1],[-35.15,27.3],[-32.349,18.6],[-41.65,-16.4],[-27.75,-38.5],[1.151,-41]],"c":true},"ix":2},"nm":"Path 1","mn":"ADBE Vector Shape - Group","hd":false},{"ty":"fl","c":{"a":0,"k":[0.847000002394,0.513999968884,0.317999985639,1],"ix":4},"o":{"a":0,"k":100,"ix":5},"r":1,"bm":0,"nm":"Fill 1","mn":"ADBE Vector Graphic - Fill","hd":false},{"ty":"tr","p":{"a":0,"k":[1237.043,252.335],"ix":2},"a":{"a":0,"k":[0,0],"ix":1},"s":{"a":0,"k":[100,100],"ix":3},"r":{"a":0,"k":0,"ix":6},"o":{"a":0,"k":100,"ix":7},"sk":{"a":0,"k":0,"ix":4},"sa":{"a":0,"k":0,"ix":5},"nm":"Transform"}],"nm":"Group 5","np":2,"cix":2,"bm":0,"ix":5,"mn":"ADBE Vector Group","hd":false},{"ty":"gr","it":[{"ind":0,"ty":"sh","ix":1,"ks":{"a":0,"k":{"i":[[-3.5,2.9],[-2.8,3.8],[-0.601,2.2],[-1.2,8.6],[-3.801,5.8],[-6.599,0.1],[-3.601,-5.6],[-0.599,-5],[0,-6.8],[-1.901,-4.799],[-4.1,-1.1],[-1.301,-6.801],[-1,-14.1],[0,0],[0.599,5.8],[1,1.6],[2.6,0],[21.399,1.7],[1.4,0.9],[0.699,2],[-0.1,4.6]],"o":[[3.601,-3.1],[1.299,-1.8],[2.099,-8.4],[0.901,-6.8],[3.599,-5.5],[6.6,-0.1],[2.7,4.3],[0.8,6.8],[0,4.899],[1.8,4.301],[6.7,1.799],[2.599,13.9],[0,0],[-0.599,-5.8],[-0.2,-1.9],[-1.299,-2.2],[-21.5,-0.2],[-1.701,-0.1],[-1.8,-1.2],[-1.5,-4.3],[-0.1,-4.6]],"v":[[-45.3,5.6],[-33.699,-2.3],[-31.199,-8.6],[-26.4,-34.2],[-20.999,-54],[-4.4,-63.2],[12.301,-54.3],[16.6,-39.9],[17.801,-19.5],[18.001,-3.101],[27.2,2.6],[45.001,19.7],[50.4,61.8],[25.9,63.3],[24.001,45.9],[22.6,40.4],[25.1,40.6],[-39.199,37.8],[-39,39.1],[-44.699,32.1],[-50.3,17.9]],"c":true},"ix":2},"nm":"Path 1","mn":"ADBE Vector Shape - Group","hd":false},{"ty":"fl","c":{"a":0,"k":[1,0.788000009574,0.834999952129,1],"ix":4},"o":{"a":0,"k":100,"ix":5},"r":1,"bm":0,"nm":"Fill 1","mn":"ADBE Vector Graphic - Fill","hd":false},{"ty":"tr","p":{"a":0,"k":[1236.9,283.8],"ix":2},"a":{"a":0,"k":[0,0],"ix":1},"s":{"a":0,"k":[100,100],"ix":3},"r":{"a":0,"k":0,"ix":6},"o":{"a":0,"k":100,"ix":7},"sk":{"a":0,"k":0,"ix":4},"sa":{"a":0,"k":0,"ix":5},"nm":"Transform"}],"nm":"Group 6","np":2,"cix":2,"bm":0,"ix":6,"mn":"ADBE Vector Group","hd":false},{"ty":"gr","it":[{"ind":0,"ty":"sh","ix":1,"ks":{"a":0,"k":{"i":[[2.199,-10.699],[-0.3,-6.101],[-2.3,-6.9],[2.101,-16.101],[4.399,-15.599],[6.701,0.101],[0,0],[-0.3,1.4],[0.2,8.101],[4.3,21.399],[1.8,19.5],[0.6,0.5],[0.7,0],[0,0],[0.6,-12.9],[-0.899,-5.101],[-1.201,-3.8],[4.7,-32.801],[7.899,0.099],[0,0],[-0.2,2.9],[0.7,11],[2.199,7.899],[1.899,5],[1.5,14],[-2.601,11],[-0.599,0.7],[-1,0.199],[-16.799,-4.7]],"o":[[-1.2,6],[0.399,7.2],[5.101,15.401],[-2,16.099],[-6.801,-0.099],[4.5,-3],[0.6,-1.401],[1.601,-7.899],[-0.5,-21.8],[-3.901,-19.201],[-0.101,-0.801],[-0.5,-0.399],[0,0],[-0.601,12.899],[-0.2,5.1],[0.701,3.8],[9.7,32.2],[-7.901,-0.101],[5.099,-2.801],[1.2,-2.7],[0.699,-11],[-0.6,-8.201],[-1.5,-5.101],[-5,-13.199],[-1.201,-11.301],[0.199,-0.899],[0.8,-0.8],[16.899,-3.2],[14.201,4]],"v":[[29.75,-47.05],[27.05,-28.949],[32.949,-8.15],[34.449,40.051],[27.75,88.15],[5.149,88.15],[17.25,80.751],[18.449,76.45],[18.449,47.65],[5.55,-15.949],[0.55,-74.449],[-0.25,-76.55],[-2.15,-76.949],[-8.95,-76.949],[-10.75,-38.15],[-10.351,-22.749],[-7.15,-11.449],[-11.95,88.251],[-35.95,88.251],[-22.551,80.35],[-21.25,67.95],[-23.15,34.551],[-25.75,12.551],[-29.75,-3.65],[-35.65,-45.749],[-35.45,-79.55],[-34.351,-82.05],[-31.45,-83.249],[23.149,-83.65]],"c":true},"ix":2},"nm":"Path 1","mn":"ADBE Vector Shape - Group","hd":false},{"ty":"fl","c":{"a":0,"k":[1,0.788000009574,0.834999952129,1],"ix":4},"o":{"a":0,"k":100,"ix":5},"r":1,"bm":0,"nm":"Fill 1","mn":"ADBE Vector Graphic - Fill","hd":false},{"ty":"tr","p":{"a":0,"k":[1237.65,604.15],"ix":2},"a":{"a":0,"k":[0,0],"ix":1},"s":{"a":0,"k":[100,100],"ix":3},"r":{"a":0,"k":0,"ix":6},"o":{"a":0,"k":100,"ix":7},"sk":{"a":0,"k":0,"ix":4},"sa":{"a":0,"k":0,"ix":5},"nm":"Transform"}],"nm":"Group 7","np":2,"cix":2,"bm":0,"ix":7,"mn":"ADBE Vector Group","hd":false},{"ty":"gr","it":[{"ind":0,"ty":"sh","ix":1,"ks":{"a":0,"k":{"i":[[-6.5,1.8],[-6.8,0],[-18.5,0.1],[-0.2,6.399],[-0.2,5.899],[0.1,3.299],[-9.8,-3.5],[-0.3,-4.901],[-0.1,-5],[0.601,-9.5],[0.7,-5.8],[2.199,-4.899],[1.4,-1],[1.6,-0.4],[23.7,6.5],[2.9,-2.1],[0.8,-1.2],[3.401,-1.2],[2.5,2.8],[-1.7,3.6]],"o":[[6.399,-1.8],[18.5,-0.101],[0.199,-6.5],[0.1,-6],[0,-2],[0.5,-34.101],[1.901,3.9],[0.299,5],[0.099,9.601],[-0.399,5.899],[-0.6,5.4],[-0.7,1.601],[-1.301,1],[-23.2,5.401],[-3.6,-1],[-1.201,0.9],[-2,2.9],[-3.399,1.2],[-2.8,-3.1],[2.7,-5.9]],"v":[[-42.75,26.449],[-22.65,24.551],[32.95,24.15],[33.45,4.751],[33.05,-12.749],[33.25,-18.949],[56.449,-48.051],[59.35,-35.249],[59.85,-20.35],[59.149,8.251],[57.55,25.949],[53.95,41.65],[50.95,45.85],[46.45,47.65],[-25.45,41.051],[-36.15,41.25],[-38.95,44.65],[-46.851,51.55],[-57.15,49.35],[-57.95,37.949]],"c":true},"ix":2},"nm":"Path 1","mn":"ADBE Vector Shape - Group","hd":false},{"ty":"fl","c":{"a":0,"k":[1,0.788000009574,0.834999952129,1],"ix":4},"o":{"a":0,"k":100,"ix":5},"r":1,"bm":0,"nm":"Fill 1","mn":"ADBE Vector Graphic - Fill","hd":false},{"ty":"tr","p":{"a":0,"k":[1151.45,335.35],"ix":2},"a":{"a":0,"k":[0,0],"ix":1},"s":{"a":0,"k":[100,100],"ix":3},"r":{"a":0,"k":0,"ix":6},"o":{"a":0,"k":100,"ix":7},"sk":{"a":0,"k":0,"ix":4},"sa":{"a":0,"k":0,"ix":5},"nm":"Transform"}],"nm":"Group 8","np":2,"cix":2,"bm":0,"ix":8,"mn":"ADBE Vector Group","hd":false},{"ty":"gr","it":[{"ind":0,"ty":"sh","ix":1,"ks":{"a":0,"k":{"i":[[-106.426,0],[0,-7.953],[106.425,0],[0,7.954]],"o":[[106.425,0],[0,7.954],[-106.426,0],[0,-7.953]],"v":[[0,-14.4],[192.7,-0.001],[0,14.4],[-192.7,-0.001]],"c":true},"ix":2},"nm":"Path 1","mn":"ADBE Vector Shape - Group","hd":false},{"ty":"fl","c":{"a":0,"k":[0.948999980852,0.948999980852,0.948999980852,1],"ix":4},"o":{"a":0,"k":100,"ix":5},"r":1,"bm":0,"nm":"Fill 1","mn":"ADBE Vector Graphic - Fill","hd":false},{"ty":"tr","p":{"a":0,"k":[1180.57,692.429],"ix":2},"a":{"a":0,"k":[0,0],"ix":1},"s":{"a":0,"k":[100,100],"ix":3},"r":{"a":0,"k":0,"ix":6},"o":{"a":0,"k":100,"ix":7},"sk":{"a":0,"k":0,"ix":4},"sa":{"a":0,"k":0,"ix":5},"nm":"Transform"}],"nm":"Group 9","np":2,"cix":2,"bm":0,"ix":9,"mn":"ADBE Vector Group","hd":false}],"ip":26.0000010590017,"op":926.000037716753,"st":26.0000010590017,"bm":0}],"markers":[]}